1,2,3,4,5,6,7,8,9,10,11,12,13,14,15,16,17,18,19,20,21,22,23,24,25,26,27,28,29,30,31,32,33,34,35,36,37,38,39,40,41,42,43,44,45,46,47,48,49,50,51,52,53,54,55,56,57,58,59,60,61,62,63,64,65,66,67,68,69,70,71,72,73,74,75,76,77,78,79,80,81,82,83,84,85,86,87,88,89,90,91,92,93,94,95,96,97,98,99,100
-1.6,-1.6011,-1.58898,-1.5663,-1.53578,-1.5005,-1.46388,-1.42992,-1.40342,-1.3907,-1.40326,-1.45616,-1.53256,-1.62442,-1.7273,-1.83798,-1.95378,-2.0724,-2.1916,-2.309,-2.422,-2.5274,-2.627,-2.7208,-2.8086,-2.8904,-2.966,-3.0358,-3.1,-3.1596,-3.2174,-3.2752,-3.331,-3.3846,-3.4366,-3.4866,-3.5338,-3.5756,-3.6068,-3.6158,-3.5712,-3.464,-3.3318,-3.188,-3.04,-2.8922,-2.749,-2.615,-2.499,-2.4168,-2.4144,-2.49,-2.5944,-2.7088,-2.8218,-2.927,-3.0196,-3.0964,-3.155,-3.1924,-3.2012,-3.1854,-3.155,-3.1152,-3.0708,-3.0248,-2.9796,-2.9346,-2.8864,-2.825,-2.72,-2.5846,-2.4398,-2.2922,-2.144,-1.9951,-1.84566,-1.69658,-1.55164,-1.42164,-1.33664,-1.27688,-1.22314,-1.16914,-1.11286,-1.0544,-0.9947,-0.93456,-0.87348,-0.8074,-0.72432,-0.63538,-0.5478,-0.46364,-0.38306,-0.30512,-0.22854,-0.152098,-0.075358,0
-1.78416,-1.78632,-1.77406,-1.7502,-1.71772,-1.67998,-1.64072,-1.6043,-1.5759,-1.56252,-1.5747,-1.61958,-1.68942,-1.7761,-1.87464,-1.98156,-2.094,-2.2096,-2.326,-2.4406,-2.5506,-2.6542,-2.7514,-2.8426,-2.9272,-3.0052,-3.0764,-3.1408,-3.1988,-3.2514,-3.3004,-3.3474,-3.392,-3.4344,-3.4752,-3.515,-3.5536,-3.5888,-3.6156,-3.6218,-3.5862,-3.5048,-3.3996,-3.2846,-3.1668,-3.0504,-2.9382,-2.8346,-2.7478,-2.695,-2.7042,-2.7734,-2.8706,-2.9754,-3.0764,-3.1666,-3.2418,-3.299,-3.336,-3.3494,-3.3358,-3.2984,-3.2454,-3.1832,-3.1172,-3.0518,-2.9896,-2.9314,-2.8738,-2.806,-2.7122,-2.5972,-2.4756,-2.3538,-2.233,-2.1122,-1.98996,-1.86586,-1.74324,-1.63262,-1.54838,-1.48206,-1.4188,-1.35236,-1.28146,-1.20734,-1.13214,-1.05774,-0.98428,-0.90832,-0.8252,-0.73996,-0.65856,-0.58292,-0.51256,-0.44586,-0.38082,-0.31564,-0.24948,-0.183514
-1.96516,-1.96932,-1.95826,-1.93464,-1.90174,-1.8633,-1.82348,-1.78704,-1.75954,-1.74768,-1.75862,-1.79598,-1.85674,-1.93534,-2.027,-2.128,-2.2354,-2.3464,-2.4584,-2.569,-2.6756,-2.7768,-2.8716,-2.96,-3.0416,-3.116,-3.1828,-3.2418,-3.2934,-3.3378,-3.3764,-3.4104,-3.4404,-3.467,-3.4918,-3.516,-3.5398,-3.5618,-3.5778,-3.579,-3.555,-3.5046,-3.4374,-3.3636,-3.289,-3.2168,-3.149,-3.0896,-3.0452,-3.0282,-3.0506,-3.1106,-3.1916,-3.2776,-3.3576,-3.425,-3.4758,-3.5068,-3.5156,-3.5002,-3.4596,-3.3966,-3.3174,-3.2288,-3.1366,-3.0464,-2.9618,-2.8844,-2.8122,-2.7388,-2.6574,-2.5692,-2.4806,-2.3952,-2.3126,-2.2302,-2.1454,-2.0564,-1.9646,-1.87546,-1.79396,-1.71696,-1.63726,-1.55098,-1.45818,-1.36142,-1.26412,-1.1694,-1.07874,-0.9915,-0.90698,-0.82732,-0.75532,-0.69168,-0.6351,-0.58312,-0.5329,-0.48194,-0.42868,-0.37262
-2.1422,-2.1492,-2.1402,-2.1178,-2.0854,-2.0474,-2.0084,-1.97306,-1.94704,-1.93592,-1.94474,-1.97586,-2.028,-2.0978,-2.1814,-2.2752,-2.3762,-2.4814,-2.5884,-2.6944,-2.7972,-2.8952,-2.9874,-3.0732,-3.1518,-3.2228,-3.2856,-3.3394,-3.384,-3.4196,-3.4466,-3.4658,-3.4786,-3.4864,-3.4912,-3.4952,-3.4996,-3.505,-3.5092,-3.5084,-3.4982,-3.4788,-3.454,-3.4288,-3.4064,-3.388,-3.3742,-3.3666,-3.3686,-3.3862,-3.4234,-3.4782,-3.542,-3.6044,-3.6578,-3.6968,-3.7178,-3.7182,-3.6954,-3.6484,-3.577,-3.484,-3.3748,-3.2558,-3.1334,-3.014,-2.903,-2.8034,-2.7162,-2.6396,-2.5716,-2.5118,-2.461,-2.4192,-2.383,-2.3478,-2.3084,-2.2608,-2.203,-2.1352,-2.0584,-1.97132,-1.87218,-1.76102,-1.64054,-1.5153,-1.39062,-1.27138,-1.1612,-1.06206,-0.975,-0.90096,-0.84014,-0.79126,-0.75148,-0.71712,-0.6843,-0.64952,-0.61008,-0.56408
-2.3136,-2.3242,-2.3176,-2.2968,-2.2656,-2.2286,-2.1908,-2.157,-2.1322,-2.121,-2.1274,-2.153,-2.1976,-2.259,-2.3342,-2.4202,-2.5142,-2.6132,-2.7146,-2.8158,-2.9146,-3.0094,-3.0986,-3.1816,-3.2576,-3.3256,-3.3848,-3.434,-3.472,-3.4984,-3.5132,-3.5168,-3.5106,-3.4972,-3.4794,-3.46,-3.4422,-3.429,-3.4214,-3.42,-3.425,-3.4364,-3.4556,-3.4828,-3.518,-3.5594,-3.605,-3.653,-3.7028,-3.7542,-3.8068,-3.8588,-3.9056,-3.943,-3.967,-3.9744,-3.963,-3.9304,-3.8746,-3.7944,-3.69,-3.5642,-3.4218,-3.269,-3.1132,-2.9616,-2.821,-2.6974,-2.5954,-2.517,-2.4632,-2.4326,-2.4228,-2.4294,-2.4454,-2.4634,-2.475,-2.4728,-2.4508,-2.4052,-2.3338,-2.237,-2.1168,-1.9774,-1.82504,-1.66708,-1.51116,-1.36452,-1.23324,-1.12156,-1.03168,-0.96364,-0.91548,-0.88352,-0.86294,-0.84848,-0.83492,-0.81752,-0.79234,-0.75642
-2.4768,-2.4914,-2.4874,-2.4682,-2.4384,-2.403,-2.3668,-2.3344,-2.3104,-2.2988,-2.3028,-2.3236,-2.3616,-2.415,-2.482,-2.5602,-2.647,-2.7396,-2.8354,-2.9318,-3.0266,-3.1176,-3.2038,-3.2844,-3.3582,-3.4242,-3.4808,-3.5264,-3.5588,-3.5768,-3.5794,-3.567,-3.5414,-3.5056,-3.463,-3.4184,-3.3768,-3.3432,-3.323,-3.3212,-3.341,-3.3832,-3.4468,-3.5282,-3.6232,-3.727,-3.834,-3.9392,-4.0366,-4.1214,-4.1894,-4.2388,-4.269,-4.2806,-4.2738,-4.2486,-4.2042,-4.1388,-4.0504,-3.9374,-3.7996,-3.6398,-3.4624,-3.2742,-3.083,-2.897,-2.725,-2.5758,-2.4578,-2.3774,-2.338,-2.3378,-2.371,-2.4288,-2.5006,-2.5752,-2.6412,-2.6876,-2.7034,-2.6806,-2.615,-2.5078,-2.3646,-2.1946,-2.0078,-1.8144,-1.62484,-1.44888,-1.29528,-1.17076,-1.07852,-1.01772,-0.98398,-0.97088,-0.97128,-0.97818,-0.98494,-0.98554,-0.97478,-0.94862
-2.6284,-2.6476,-2.646,-2.6284,-2.6,-2.5662,-2.532,-2.5014,-2.4784,-2.4664,-2.468,-2.4848,-2.5168,-2.563,-2.6222,-2.6926,-2.772,-2.8582,-2.9486,-3.0404,-3.131,-3.2186,-3.3018,-3.3802,-3.4526,-3.5178,-3.5734,-3.6172,-3.6458,-3.657,-3.6488,-3.6212,-3.5762,-3.5176,-3.4502,-3.3796,-3.3126,-3.257,-3.2224,-3.2182,-3.2514,-3.324,-3.4316,-3.5666,-3.721,-3.8862,-4.0544,-4.216,-4.3612,-4.4788,-4.5614,-4.607,-4.619,-4.6036,-4.566,-4.509,-4.4332,-4.3374,-4.2188,-4.0752,-3.9058,-3.7126,-3.5006,-3.277,-3.0502,-2.8294,-2.6248,-2.448,-2.3118,-2.2278,-2.2026,-2.2336,-2.3112,-2.4212,-2.5494,-2.6816,-2.8034,-2.8998,-2.9554,-2.9566,-2.8962,-2.7768,-2.6088,-2.4066,-2.1842,-1.95494,-1.73106,-1.52488,-1.34822,-1.2109,-1.11764,-1.06626,-1.04914,-1.05652,-1.07882,-1.10748,-1.13468,-1.15326,-1.1566,-1.1394
-2.764,-2.7878,-2.7882,-2.7718,-2.7454,-2.7142,-2.6828,-2.655,-2.6336,-2.6216,-2.6216,-2.6348,-2.6614,-2.701,-2.7524,-2.8148,-2.8866,-2.9664,-3.0514,-3.139,-3.226,-3.31,-3.3906,-3.4674,-3.5396,-3.6054,-3.6622,-3.7064,-3.7342,-3.7412,-3.7244,-3.683,-3.6198,-3.5398,-3.4484,-3.3526,-3.26,-3.181,-3.1286,-3.1182,-3.1626,-3.2644,-3.4148,-3.601,-3.8108,-4.0334,-4.2586,-4.4746,-4.6664,-4.817,-4.9122,-4.9502,-4.941,-4.8978,-4.8304,-4.7442,-4.6406,-4.5186,-4.3748,-4.2054,-4.0078,-3.7838,-3.5396,-3.283,-3.023,-2.769,-2.532,-2.326,-2.1682,-2.0774,-2.0652,-2.1284,-2.2502,-2.4112,-2.593,-2.7796,-2.9552,-3.102,-3.1994,-3.2258,-3.1694,-3.0346,-2.84,-2.6058,-2.3498,-2.0868,-1.83058,-1.59484,-1.39482,-1.24506,-1.1531,-1.11438,-1.11622,-1.14482,-1.18848,-1.23764,-1.28398,-1.31952,-1.33622,-1.3268
-2.8782,-2.906,-2.9076,-2.8932,-2.87,-2.8434,-2.8168,-2.7932,-2.7748,-2.7638,-2.7626,-2.773,-2.7948,-2.8276,-2.871,-2.9248,-2.9886,-3.0612,-3.141,-3.2248,-3.3084,-3.389,-3.4672,-3.5434,-3.617,-3.6856,-3.7458,-3.7936,-3.8238,-3.8306,-3.8084,-3.7554,-3.6764,-3.5774,-3.4654,-3.347,-3.2308,-3.1282,-3.0546,-3.0322,-3.084,-3.2142,-3.405,-3.6364,-3.8932,-4.164,-4.438,-4.7022,-4.939,-5.1226,-5.2276,-5.2522,-5.2184,-5.148,-5.0538,-4.9426,-4.8166,-4.6744,-4.5124,-4.324,-4.1036,-3.853,-3.581,-3.2968,-3.0092,-2.727,-2.461,-2.226,-2.0428,-1.93944,-1.93942,-2.0358,-2.1998,-2.4054,-2.6324,-2.8652,-3.0878,-3.2816,-3.4218,-3.4762,-3.4208,-3.2666,-3.0448,-2.7826,-2.4992,-2.2096,-1.92676,-1.66492,-1.442,-1.27994,-1.19286,-1.17108,-1.19328,-1.24166,-1.30356,-1.36954,-1.43154,-1.48156,-1.5103,-1.50718
-2.9628,-2.993,-2.996,-2.9854,-2.969,-2.9504,-2.932,-2.9154,-2.902,-2.8932,-2.892,-2.9002,-2.9174,-2.943,-2.9774,-3.0212,-3.0752,-3.1396,-3.2134,-3.2938,-3.3746,-3.4516,-3.5284,-3.606,-3.6834,-3.7572,-3.8236,-3.8776,-3.9136,-3.9246,-3.901,-3.8392,-3.748,-3.6352,-3.5076,-3.3722,-3.2376,-3.115,-3.02,-2.9786,-3.0328,-3.1912,-3.4154,-3.68,-3.97,-4.2744,-4.5828,-4.883,-5.1572,-5.3746,-5.4858,-5.4892,-5.431,-5.338,-5.2236,-5.0942,-4.952,-4.7964,-4.6234,-4.4248,-4.1884,-3.917,-3.625,-3.322,-3.016,-2.7152,-2.4288,-2.1706,-1.96126,-1.8372,-1.8487,-1.97818,-2.1758,-2.4126,-2.6698,-2.9332,-3.1884,-3.4182,-3.5982,-3.6852,-3.626,-3.4486,-3.2056,-2.9258,-2.6276,-2.3238,-2.026,-1.74704,-1.50464,-1.32918,-1.25274,-1.25128,-1.29124,-1.35384,-1.42738,-1.50332,-1.57452,-1.63376,-1.67182,-1.67386
-3.0002,-3.0336,-3.0434,-3.0432,-3.039,-3.0334,-3.0276,-3.0218,-3.0166,-3.0126,-3.0122,-3.0188,-3.0306,-3.0476,-3.071,-3.103,-3.145,-3.1986,-3.264,-3.3394,-3.418,-3.4926,-3.5706,-3.653,-3.7372,-3.8194,-3.8946,-3.9572,-4.0008,-4.0182,-3.9976,-3.932,-3.8356,-3.716,-3.5802,-3.4356,-3.291,-3.1578,-3.0516,-2.9962,-3.0478,-3.2232,-3.4618,-3.7398,-4.0434,-4.3618,-4.6846,-4.9998,-5.2902,-5.5278,-5.6414,-5.629,-5.559,-5.4556,-5.3312,-5.1922,-5.041,-4.8774,-4.698,-4.4958,-4.2514,-3.97,-3.6702,-3.3612,-3.0496,-2.743,-2.4504,-2.1844,-1.96346,-1.8216,-1.84148,-1.987,-2.1956,-2.4412,-2.7068,-2.979,-3.2444,-3.4876,-3.686,-3.799,-3.7342,-3.5488,-3.3042,-3.0262,-2.731,-2.4306,-2.1356,-1.85726,-1.61142,-1.42716,-1.36446,-1.37454,-1.421,-1.4871,-1.56214,-1.63834,-1.70922,-1.76822,-1.80712,-1.81112
-2.968,-3.0178,-3.046,-3.0648,-3.0796,-3.0928,-3.1044,-3.1138,-3.1204,-3.1246,-3.1276,-3.1314,-3.136,-3.1426,-3.153,-3.1704,-3.1978,-3.2376,-3.291,-3.3568,-3.4304,-3.5084,-3.5928,-3.684,-3.779,-3.873,-3.96,-4.033,-4.085,-4.1076,-4.0912,-4.0328,-3.9402,-3.8218,-3.6856,-3.54,-3.3952,-3.2638,-3.1632,-3.1198,-3.1718,-3.3268,-3.5514,-3.8198,-4.1158,-4.427,-4.742,-5.047,-5.323,-5.5388,-5.6504,-5.6562,-5.5964,-5.498,-5.3754,-5.2358,-5.0826,-4.9156,-4.732,-4.5244,-4.2826,-4.0094,-3.7172,-3.4158,-3.1126,-2.815,-2.5326,-2.2784,-2.0732,-1.95256,-1.95912,-2.0788,-2.267,-2.495,-2.7446,-3.0014,-3.2518,-3.479,-3.6586,-3.749,-3.7058,-3.5516,-3.3332,-3.0796,-2.8082,-2.5308,-2.2586,-2.003,-1.78136,-1.622,-1.55142,-1.54984,-1.58648,-1.64298,-1.70802,-1.77372,-1.83348,-1.88058,-1.90614,-1.89654
-2.8954,-2.96,-3.0108,-3.054,-3.0938,-3.1308,-3.1646,-3.1932,-3.2152,-3.2298,-3.2372,-3.2386,-3.2352,-3.2292,-3.2242,-3.2246,-3.2344,-3.2576,-3.2966,-3.3516,-3.4212,-3.5034,-3.5974,-3.7012,-3.811,-3.9204,-4.0222,-4.1088,-4.1718,-4.203,-4.1956,-4.148,-4.065,-3.954,-3.8238,-3.6842,-3.5468,-3.4252,-3.3374,-3.306,-3.3528,-3.4816,-3.6766,-3.9176,-4.188,-4.4738,-4.7624,-5.0382,-5.2822,-5.469,-5.575,-5.5982,-5.558,-5.4752,-5.3636,-5.2314,-5.0826,-4.9178,-4.7352,-4.53,-4.2984,-4.0424,-3.7694,-3.4878,-3.2052,-2.9294,-2.6702,-2.4412,-2.2624,-2.159,-2.1516,-2.2342,-2.3824,-2.5718,-2.784,-3.0042,-3.218,-3.4084,-3.5522,-3.6204,-3.5928,-3.478,-3.3028,-3.0912,-2.8606,-2.6234,-2.3904,-2.1738,-1.98876,-1.85436,-1.78206,-1.7637,-1.7808,-1.8175,-1.86272,-1.90844,-1.94796,-1.97448,-1.97996,-1.95544
-2.798,-2.8758,-2.9486,-3.0186,-3.0866,-3.1516,-3.2114,-3.2628,-3.303,-3.3298,-3.3424,-3.3416,-3.3294,-3.3094,-3.287,-3.2676,-3.2574,-3.2618,-3.2852,-3.3298,-3.396,-3.483,-3.5884,-3.7082,-3.8362,-3.9648,-4.0856,-4.1896,-4.2678,-4.3126,-4.3182,-4.2838,-4.213,-4.1128,-3.9928,-3.8632,-3.7366,-3.6268,-3.55,-3.5236,-3.5606,-3.6636,-3.8244,-4.0284,-4.2612,-4.5092,-4.759,-4.9958,-5.2026,-5.3616,-5.4586,-5.4914,-5.4692,-5.405,-5.3094,-5.1902,-5.0516,-4.895,-4.7204,-4.526,-4.311,-4.0778,-3.8312,-3.578,-3.3248,-3.0794,-2.851,-2.6516,-2.4968,-2.4028,-2.3802,-2.4262,-2.5266,-2.6648,-2.825,-2.9938,-3.1574,-3.3008,-3.4064,-3.456,-3.439,-3.3592,-3.2308,-3.0706,-2.8922,-2.7066,-2.5236,-2.3536,-2.2076,-2.0972,-2.028,-1.99606,-1.99138,-2.003,-2.0218,-2.041,-2.0542,-2.0556,-2.0388,-1.99832
-2.6848,-2.7748,-2.8692,-2.9666,-3.0648,-3.1602,-3.2488,-3.3256,-3.3862,-3.4268,-3.4454,-3.4424,-3.4206,-3.3852,-3.3432,-3.3022,-3.27,-3.2538,-3.2606,-3.2946,-3.3584,-3.4516,-3.5706,-3.7092,-3.859,-4.011,-4.1548,-4.2804,-4.3782,-4.4406,-4.4622,-4.4424,-4.385,-4.297,-4.1882,-4.0698,-3.9544,-3.855,-3.7852,-3.758,-3.7822,-3.8596,-3.9848,-4.1482,-4.3376,-4.541,-4.746,-4.9394,-5.1082,-5.2398,-5.3254,-5.3624,-5.3542,-5.3078,-5.2304,-5.1274,-5.003,-4.8596,-4.6986,-4.5208,-4.3274,-4.121,-3.9056,-3.6858,-3.4676,-3.257,-3.0622,-2.892,-2.7572,-2.6672,-2.6276,-2.637,-2.6876,-2.7686,-2.8686,-2.9772,-3.0834,-3.1758,-3.2432,-3.2752,-3.266,-3.2166,-3.1344,-3.0284,-2.9076,-2.7798,-2.652,-2.5314,-2.4248,-2.3382,-2.2744,-2.2322,-2.2062,-2.1908,-2.18,-2.1688,-2.1526,-2.1266,-2.0868,-2.0292
-2.5638,-2.6654,-2.7808,-2.9056,-3.0348,-3.162,-3.2808,-3.3848,-3.4676,-3.5234,-3.5486,-3.5432,-3.5106,-3.4586,-3.3956,-3.3314,-3.2756,-3.2378,-3.2268,-3.2502,-3.3122,-3.4134,-3.5484,-3.7092,-3.8846,-4.0632,-4.2336,-4.3846,-4.5058,-4.589,-4.6286,-4.624,-4.5794,-4.5028,-4.405,-4.2972,-4.1914,-4.0998,-4.0334,-4.002,-4.0114,-4.0634,-4.154,-4.2764,-4.421,-4.5776,-4.7356,-4.885,-5.016,-5.1208,-5.1932,-5.2308,-5.2334,-5.2034,-5.144,-5.0586,-4.9506,-4.8232,-4.6792,-4.5216,-4.353,-4.1762,-3.9944,-3.8108,-3.6294,-3.4552,-3.2938,-3.1508,-3.0324,-2.9428,-2.8848,-2.8574,-2.8574,-2.8792,-2.9158,-2.9604,-3.0062,-3.0466,-3.0758,-3.0898,-3.086,-3.0642,-3.0258,-2.9736,-2.9114,-2.843,-2.7718,-2.7012,-2.6334,-2.5706,-2.5136,-2.4622,-2.4158,-2.373,-2.3314,-2.2886,-2.2418,-2.188,-2.1246,-2.0492
-2.4432,-2.5552,-2.6912,-2.8436,-3.0032,-3.1618,-3.311,-3.443,-3.5492,-3.6216,-3.654,-3.6452,-3.601,-3.5306,-3.446,-3.3584,-3.2788,-3.2186,-3.189,-3.201,-3.2622,-3.3736,-3.5282,-3.714,-3.9176,-4.1254,-4.3248,-4.504,-4.6516,-4.7578,-4.8162,-4.826,-4.7928,-4.726,-4.6372,-4.5384,-4.4404,-4.3542,-4.2888,-4.2514,-4.2458,-4.2734,-4.3314,-4.4148,-4.516,-4.6268,-4.739,-4.8452,-4.9394,-5.0174,-5.0762,-5.113,-5.1248,-5.1096,-5.0672,-4.9992,-4.908,-4.7974,-4.6714,-4.535,-4.3922,-4.2462,-4.0986,-3.9512,-3.8066,-3.6678,-3.538,-3.4198,-3.3152,-3.2242,-3.1466,-3.0824,-3.0322,-2.9948,-2.968,-2.9486,-2.9338,-2.9216,-2.9124,-2.9074,-2.9074,-2.9108,-2.9138,-2.9134,-2.908,-2.8972,-2.8814,-2.8596,-2.83,-2.7904,-2.7396,-2.6792,-2.6126,-2.5424,-2.4702,-2.3962,-2.3192,-2.2382,-2.1516,-2.0588
-2.3318,-2.4536,-2.6102,-2.789,-2.9772,-3.1644,-3.3416,-3.5004,-3.6304,-3.7206,-3.7608,-3.748,-3.6902,-3.6016,-3.4962,-3.3868,-3.285,-3.2032,-3.1546,-3.1544,-3.215,-3.3396,-3.5174,-3.7312,-3.9644,-4.2018,-4.4308,-4.639,-4.8144,-4.945,-5.0222,-5.0444,-5.0196,-4.9602,-4.8788,-4.787,-4.6956,-4.6134,-4.548,-4.5044,-4.485,-4.4902,-4.5188,-4.5666,-4.6284,-4.6972,-4.7666,-4.832,-4.8902,-4.9418,-4.9872,-5.0234,-5.0438,-5.0424,-5.0158,-4.9638,-4.8884,-4.7934,-4.6842,-4.5676,-4.4498,-4.3338,-4.2196,-4.1068,-3.9962,-3.8896,-3.7882,-3.6922,-3.6,-3.5066,-3.409,-3.308,-3.2086,-3.1144,-3.027,-2.9466,-2.8732,-2.8092,-2.7604,-2.7348,-2.7376,-2.765,-2.8072,-2.8544,-2.901,-2.9436,-2.979,-3.0034,-3.0108,-2.9934,-2.9474,-2.8764,-2.7888,-2.6922,-2.591,-2.4874,-2.3822,-2.2754,-2.167,-2.0574
-2.2414,-2.3728,-2.5498,-2.752,-2.9636,-3.1734,-3.3732,-3.5544,-3.7068,-3.8162,-3.8652,-3.8464,-3.774,-3.6684,-3.5462,-3.4202,-3.3014,-3.2016,-3.135,-3.1208,-3.1812,-3.3232,-3.5278,-3.7702,-4.031,-4.2956,-4.5514,-4.787,-4.9898,-5.146,-5.241,-5.2722,-5.2524,-5.1982,-5.1228,-5.0376,-4.952,-4.8738,-4.8086,-4.7602,-4.7292,-4.7156,-4.7188,-4.7366,-4.7644,-4.7968,-4.8288,-4.8572,-4.8816,-4.9066,-4.9394,-4.9768,-5.0062,-5.017,-5.0042,-4.966,-4.904,-4.822,-4.7264,-4.6264,-4.5312,-4.4436,-4.3596,-4.2772,-4.1958,-4.1158,-4.038,-3.961,-3.88,-3.7852,-3.6672,-3.5292,-3.3828,-3.2366,-3.0946,-2.9592,-2.8324,-2.7192,-2.6296,-2.5804,-2.5858,-2.6372,-2.7148,-2.8034,-2.8942,-2.9818,-3.0616,-3.1276,-3.17,-3.1742,-3.13,-3.0454,-2.9368,-2.8156,-2.6884,-2.5588,-2.4282,-2.2982,-2.17,-2.0452
-2.1898,-2.332,-2.527,-2.7448,-2.9698,-3.1922,-3.4046,-3.5996,-3.7684,-3.8964,-3.9566,-3.9284,-3.8424,-3.7262,-3.5956,-3.4618,-3.3354,-3.2264,-3.1478,-3.1198,-3.1784,-3.3436,-3.5754,-3.8418,-4.1244,-4.4094,-4.6856,-4.9424,-5.169,-5.3502,-5.4624,-5.4972,-5.4806,-5.4318,-5.3634,-5.2854,-5.2062,-5.1326,-5.0692,-5.0186,-4.9792,-4.9506,-4.9342,-4.9286,-4.9298,-4.9336,-4.936,-4.934,-4.9286,-4.9272,-4.9486,-4.99,-5.0272,-5.0474,-5.0444,-5.017,-4.966,-4.8946,-4.809,-4.72,-4.6438,-4.5814,-4.5224,-4.4634,-4.4034,-4.3428,-4.2812,-4.217,-4.1446,-4.0504,-3.9114,-3.7368,-3.5492,-3.3592,-3.1722,-2.9914,-2.8204,-2.665,-2.5362,-2.4592,-2.4682,-2.5428,-2.6484,-2.7674,-2.8904,-3.0112,-3.1244,-3.2232,-3.2964,-3.3224,-3.2748,-3.1744,-3.0472,-2.906,-2.758,-2.607,-2.456,-2.3068,-2.1612,-2.0228
-2.2166,-2.3636,-2.5608,-2.7782,-3.0016,-3.2224,-3.4336,-3.629,-3.8002,-3.9348,-4.0034,-3.9698,-3.8828,-3.769,-3.6428,-3.5146,-3.394,-3.2902,-3.2156,-3.1878,-3.248,-3.432,-3.6778,-3.9562,-4.2492,-4.5444,-4.8312,-5.0994,-5.3388,-5.5356,-5.6616,-5.702,-5.6938,-5.6548,-5.5962,-5.5278,-5.4566,-5.3888,-5.3286,-5.278,-5.2344,-5.1966,-5.1678,-5.1466,-5.13,-5.1142,-5.0964,-5.0744,-5.0498,-5.0298,-5.0414,-5.0824,-5.1204,-5.1434,-5.1456,-5.125,-5.0822,-5.02,-4.944,-4.864,-4.8018,-4.7556,-4.7118,-4.6664,-4.6182,-4.567,-4.5118,-4.4502,-4.3768,-4.2782,-4.1202,-3.9186,-3.7014,-3.4796,-3.2598,-3.0466,-2.8448,-2.6612,-2.5076,-2.408,-2.4178,-2.501,-2.618,-2.7518,-2.892,-3.0312,-3.1628,-3.279,-3.3686,-3.4094,-3.3578,-3.2494,-3.1124,-2.959,-2.797,-2.6312,-2.4652,-2.3018,-2.1434,-1.99446
-2.3592,-2.484,-2.6582,-2.8558,-3.0612,-3.265,-3.4604,-3.6408,-3.7974,-3.9162,-3.9744,-3.9586,-3.8908,-3.7954,-3.6878,-3.5794,-3.4792,-3.3974,-3.3468,-3.3468,-3.4278,-3.6024,-3.8416,-4.1162,-4.4072,-4.7012,-4.9874,-5.2552,-5.4936,-5.6876,-5.8178,-5.8784,-5.8884,-5.865,-5.8206,-5.7644,-5.7034,-5.6432,-5.5878,-5.5388,-5.4948,-5.4558,-5.4226,-5.3942,-5.3684,-5.3428,-5.3148,-5.2842,-5.254,-5.2334,-5.237,-5.2624,-5.291,-5.3094,-5.3112,-5.2934,-5.2562,-5.202,-5.1368,-5.0698,-5.0138,-4.9694,-4.9282,-4.8856,-4.8392,-4.7874,-4.7282,-4.658,-4.5694,-4.4488,-4.28,-4.0696,-3.8376,-3.5972,-3.3574,-3.1248,-2.9064,-2.7116,-2.5546,-2.4598,-2.4524,-2.518,-2.6264,-2.7578,-2.8994,-3.0418,-3.1762,-3.2926,-3.3772,-3.4082,-3.3668,-3.267,-3.1314,-2.9746,-2.806,-2.6318,-2.4566,-2.2844,-2.119,-1.96492
-2.5598,-2.6642,-2.8068,-2.9718,-3.146,-3.32,-3.487,-3.6402,-3.7712,-3.8686,-3.9192,-3.9184,-3.8764,-3.81,-3.7328,-3.6558,-3.5886,-3.5412,-3.526,-3.5596,-3.659,-3.8288,-4.0544,-4.3156,-4.5948,-4.8784,-5.1548,-5.4134,-5.6426,-5.83,-5.9634,-6.0408,-6.071,-6.0668,-6.0396,-5.9982,-5.9496,-5.8992,-5.8512,-5.8074,-5.768,-5.733,-5.7022,-5.6744,-5.6478,-5.6202,-5.5906,-5.5598,-5.5312,-5.512,-5.5086,-5.5192,-5.5342,-5.5432,-5.5398,-5.5208,-5.4858,-5.437,-5.3792,-5.3194,-5.2644,-5.2154,-5.1684,-5.1196,-5.066,-5.005,-4.9334,-4.8466,-4.7374,-4.5962,-4.4158,-4.2002,-3.9618,-3.7128,-3.4634,-3.2222,-2.9984,-2.8028,-2.6496,-2.5566,-2.5346,-2.577,-2.6652,-2.7818,-2.9124,-3.0454,-3.1702,-3.2752,-3.346,-3.3676,-3.3306,-3.2408,-3.1122,-2.9582,-2.7886,-2.6108,-2.431,-2.2544,-2.0856,-1.92836
-2.7934,-2.8782,-2.9886,-3.1156,-3.2506,-3.386,-3.516,-3.6348,-3.7362,-3.8126,-3.8572,-3.8686,-3.8528,-3.8196,-3.7796,-3.7422,-3.7158,-3.7094,-3.7334,-3.799,-3.9156,-4.085,-4.2988,-4.5438,-4.806,-5.0732,-5.3342,-5.579,-5.7968,-5.9776,-6.1138,-6.2038,-6.2522,-6.2676,-6.2588,-6.234,-6.1998,-6.1618,-6.1242,-6.0896,-6.0592,-6.0332,-6.0106,-5.9898,-5.969,-5.9462,-5.9208,-5.894,-5.869,-5.85,-5.8404,-5.839,-5.8404,-5.8378,-5.8262,-5.8022,-5.7654,-5.7174,-5.6614,-5.602,-5.543,-5.4852,-5.427,-5.3654,-5.298,-5.2214,-5.132,-5.0252,-4.8952,-4.7356,-4.5438,-4.3226,-4.0806,-3.828,-3.5754,-3.3324,-3.109,-2.9164,-2.7664,-2.671,-2.6358,-2.6566,-2.7218,-2.817,-2.9286,-3.0446,-3.1526,-3.241,-3.297,-3.3094,-3.2726,-3.189,-3.0674,-2.918,-2.7504,-2.5724,-2.3912,-2.2128,-2.0424,-1.88384
-3.0464,-3.1116,-3.1898,-3.2772,-3.3692,-3.4612,-3.5494,-3.6306,-3.701,-3.7572,-3.7964,-3.819,-3.8282,-3.8298,-3.8306,-3.8366,-3.855,-3.892,-3.955,-4.051,-4.1846,-4.3562,-4.561,-4.7902,-5.034,-5.2822,-5.5258,-5.7552,-5.9616,-6.137,-6.2756,-6.376,-6.4406,-6.4746,-6.4848,-6.4778,-6.4598,-6.4362,-6.4118,-6.39,-6.3728,-6.3604,-6.3512,-6.343,-6.333,-6.3196,-6.302,-6.281,-6.259,-6.2392,-6.2236,-6.2116,-6.2,-6.185,-6.1624,-6.1304,-6.0878,-6.0356,-5.9758,-5.9108,-5.8426,-5.7722,-5.6986,-5.62,-5.5342,-5.438,-5.3284,-5.2006,-5.0506,-4.8742,-4.6708,-4.443,-4.1976,-3.9436,-3.6906,-3.4486,-3.2278,-3.038,-2.8892,-2.789,-2.7412,-2.7426,-2.785,-2.857,-2.9464,-3.0414,-3.13,-3.2004,-3.2418,-3.245,-3.206,-3.1252,-3.0084,-2.8634,-2.6986,-2.5218,-2.3408,-2.1618,-1.99096,-1.83256
-3.3092,-3.3544,-3.401,-3.4484,-3.496,-3.5428,-3.5878,-3.6302,-3.6696,-3.7062,-3.7404,-3.7736,-3.8076,-3.844,-3.8862,-3.9372,-4.001,-4.0816,-4.1828,-4.3078,-4.4582,-4.6336,-4.8312,-5.0458,-5.2716,-5.5012,-5.7274,-5.9422,-6.1386,-6.31,-6.452,-6.5622,-6.642,-6.6944,-6.724,-6.736,-6.7356,-6.7284,-6.7196,-6.7136,-6.7132,-6.7186,-6.7274,-6.7362,-6.7412,-6.7398,-6.7312,-6.7162,-6.6966,-6.6746,-6.6524,-6.6296,-6.605,-6.5762,-6.5408,-6.4974,-6.445,-6.384,-6.3152,-6.2398,-6.1582,-6.0714,-5.979,-5.8802,-5.7732,-5.6556,-5.5244,-5.376,-5.2068,-5.0148,-4.7994,-4.564,-4.3144,-4.0586,-3.8056,-3.565,-3.346,-3.1578,-3.0078,-2.902,-2.842,-2.8256,-2.8468,-2.8962,-2.9634,-3.0372,-3.1064,-3.1596,-3.1874,-3.182,-3.1392,-3.0588,-2.9448,-2.8028,-2.6404,-2.465,-2.284,-2.105,-1.93428,-1.77702
-3.5732,-3.5988,-3.614,-3.6222,-3.6262,-3.6284,-3.6308,-3.6348,-3.6436,-3.6608,-3.6904,-3.7344,-3.7928,-3.864,-3.9472,-4.0424,-4.1506,-4.2734,-4.4114,-4.5644,-4.7312,-4.9106,-5.1018,-5.3034,-5.5126,-5.7252,-5.9356,-6.1382,-6.327,-6.4968,-6.6434,-6.7646,-6.8602,-6.9318,-6.9822,-7.0148,-7.034,-7.0448,-7.0532,-7.0652,-7.0846,-7.112,-7.1432,-7.1724,-7.1948,-7.207,-7.2078,-7.1976,-7.1782,-7.1524,-7.1216,-7.0872,-7.0484,-7.0044,-6.9536,-6.8954,-6.8294,-6.7554,-6.6734,-6.5832,-6.4846,-6.3782,-6.2642,-6.1428,-6.0132,-5.8732,-5.7204,-5.552,-5.3648,-5.1574,-4.9302,-4.686,-4.4306,-4.1716,-3.9172,-3.6764,-3.4578,-3.269,-3.1164,-3.0038,-2.9322,-2.8998,-2.9018,-2.9308,-2.9776,-3.0322,-3.0838,-3.1222,-3.1384,-3.125,-3.078,-2.9968,-2.8836,-2.7436,-2.5826,-2.4078,-2.2268,-2.047,-1.87634,-1.72072
-3.8308,-3.8372,-3.8214,-3.7914,-3.7542,-3.715,-3.6772,-3.6454,-3.6246,-3.6224,-3.6472,-3.7028,-3.7864,-3.8916,-4.0138,-4.1506,-4.3006,-4.463,-4.6362,-4.816,-4.9986,-5.1816,-5.3668,-5.5564,-5.751,-5.9488,-6.1464,-6.3398,-6.5242,-6.6954,-6.8492,-6.9834,-7.097,-7.1902,-7.2638,-7.3198,-7.3612,-7.3922,-7.4194,-7.4506,-7.4928,-7.546,-7.6034,-7.656,-7.697,-7.7224,-7.731,-7.7236,-7.702,-7.6692,-7.6278,-7.5796,-7.5246,-7.4626,-7.3936,-7.3172,-7.2336,-7.1426,-7.0438,-6.9354,-6.8166,-6.6872,-6.5494,-6.404,-6.251,-6.0888,-5.9152,-5.7276,-5.5236,-5.3014,-5.0618,-4.8076,-4.5446,-4.28,-4.022,-3.7788,-3.5582,-3.367,-3.2104,-3.0904,-3.008,-2.9612,-2.9464,-2.958,-2.9876,-3.026,-3.0634,-3.0898,-3.0968,-3.0772,-3.0264,-2.9436,-2.8306,-2.6914,-2.5314,-2.3568,-2.1748,-1.9938,-1.82216,-1.66812
-4.0724,-4.0596,-4.0134,-3.9482,-3.8746,-3.7992,-3.727,-3.6634,-3.6152,-3.5938,-3.6136,-3.6824,-3.7918,-3.9292,-4.087,-4.2608,-4.448,-4.6462,-4.8516,-5.0578,-5.2554,-5.4404,-5.619,-5.7978,-5.9804,-6.1668,-6.3552,-6.543,-6.7266,-6.9028,-7.0674,-7.2182,-7.353,-7.4714,-7.5724,-7.6562,-7.724,-7.779,-7.8266,-7.8776,-7.9446,-8.0282,-8.115,-8.1916,-8.2502,-8.2872,-8.3012,-8.2932,-8.2658,-8.2226,-8.1674,-8.1026,-8.0284,-7.9454,-7.854,-7.7552,-7.6498,-7.538,-7.4188,-7.29,-7.1476,-6.9928,-6.8292,-6.6594,-6.4834,-6.2998,-6.1064,-5.9012,-5.6812,-5.4452,-5.1926,-4.9268,-4.654,-4.3816,-4.1172,-3.8688,-3.6436,-3.448,-3.286,-3.1588,-3.066,-3.0064,-2.9778,-2.9754,-2.9918,-3.018,-3.0448,-3.063,-3.064,-3.0402,-2.987,-2.9028,-2.79,-2.6514,-2.4922,-2.3178,-2.135,-1.95192,-1.77816,-1.62498
-4.284,-4.2512,-4.1772,-4.0836,-3.9816,-3.8784,-3.7798,-3.692,-3.6226,-3.5832,-3.5964,-3.6818,-3.816,-3.981,-4.168,-4.3722,-4.5898,-4.8174,-5.0504,-5.2812,-5.4938,-5.6778,-5.8502,-6.0212,-6.1952,-6.374,-6.557,-6.743,-6.93,-7.1152,-7.295,-7.4662,-7.627,-7.7756,-7.9098,-8.0278,-8.1288,-8.214,-8.287,-8.3582,-8.4516,-8.5702,-8.6864,-8.7846,-8.8576,-8.9022,-8.9178,-8.9056,-8.8686,-8.8106,-8.7378,-8.653,-8.556,-8.4474,-8.3292,-8.203,-8.0706,-7.933,-7.79,-7.6382,-7.4702,-7.2874,-7.0978,-6.9042,-6.7064,-6.5028,-6.2914,-6.0696,-5.8352,-5.586,-5.32,-5.0412,-4.7568,-4.4742,-4.2006,-3.944,-3.7114,-3.5088,-3.34,-3.206,-3.1034,-3.033,-2.9938,-2.9816,-2.989,-3.0076,-3.0282,-3.0418,-3.0402,-3.0152,-2.9606,-2.8762,-2.764,-2.6272,-2.4694,-2.2964,-2.114,-1.92986,-1.75344,-1.59944
-4.4344,-4.3886,-4.2994,-4.1892,-4.0698,-3.9496,-3.8354,-3.7344,-3.6548,-3.6088,-3.6204,-3.7174,-3.8666,-4.0496,-4.2574,-4.4836,-4.7232,-4.9718,-5.2236,-5.4704,-5.6944,-5.8806,-6.0524,-6.2208,-6.3912,-6.5664,-6.748,-6.936,-7.13,-7.3282,-7.5272,-7.724,-7.9164,-8.1016,-8.2758,-8.436,-8.5792,-8.7046,-8.8146,-8.917,-9.0396,-9.1874,-9.3248,-9.4378,-9.5192,-9.5664,-9.5792,-9.5588,-9.5086,-9.4326,-9.338,-9.2284,-9.103,-8.9638,-8.8134,-8.6546,-8.4896,-8.3202,-8.147,-7.9674,-7.7716,-7.5624,-7.3492,-7.134,-6.9166,-6.6954,-6.4676,-6.2308,-5.9822,-5.7196,-5.4402,-5.1482,-4.8512,-4.5564,-4.271,-4.003,-3.7596,-3.5468,-3.369,-3.227,-3.1162,-3.0382,-2.993,-2.9756,-2.979,-2.9946,-3.0132,-3.0258,-3.0242,-3.0004,-2.947,-2.8644,-2.7548,-2.6208,-2.4664,-2.2964,-2.1172,-1.93588,-1.76154,-1.60892
-4.5046,-4.4624,-4.375,-4.2618,-4.137,-4.0104,-3.8912,-3.7882,-3.7116,-3.6752,-3.6984,-3.7922,-3.9432,-4.134,-4.3534,-4.5932,-4.8468,-5.1078,-5.3686,-5.6192,-5.8466,-6.0444,-6.2234,-6.3948,-6.566,-6.7416,-6.9252,-7.1184,-7.3226,-7.5368,-7.7594,-7.9872,-8.2174,-8.4458,-8.6678,-8.8782,-9.0732,-9.2504,-9.411,-9.5628,-9.7196,-9.8814,-10.029,-10.1482,-10.2314,-10.2758,-10.2808,-10.2486,-10.1818,-10.0856,-9.9652,-9.8244,-9.6654,-9.4902,-9.3022,-9.105,-8.9014,-8.6942,-8.484,-8.2688,-8.0448,-7.8134,-7.5796,-7.346,-7.1118,-6.8754,-6.6334,-6.3828,-6.1206,-5.844,-5.5518,-5.2474,-4.937,-4.628,-4.3282,-4.0456,-3.7882,-3.5622,-3.3722,-3.2194,-3.103,-3.022,-2.9752,-2.9578,-2.962,-2.9794,-3.0004,-3.0156,-3.0164,-2.9952,-2.9462,-2.8682,-2.763,-2.6336,-2.484,-2.3196,-2.1464,-1.97254,-1.8074,-1.6638
-4.5324,-4.4928,-4.4122,-4.3042,-4.1824,-4.0584,-3.9428,-3.8462,-3.7798,-3.7566,-3.7896,-3.8842,-4.034,-4.227,-4.452,-4.6994,-4.961,-5.2282,-5.4926,-5.7446,-5.9754,-6.1818,-6.3692,-6.546,-6.7206,-6.8992,-7.087,-7.288,-7.5048,-7.7384,-7.9882,-8.2518,-8.5252,-8.8034,-9.0802,-9.3488,-9.6036,-9.8408,-10.0594,-10.2626,-10.4544,-10.6324,-10.7866,-10.9066,-10.9862,-11.0228,-11.016,-10.9676,-10.8812,-10.7604,-10.6104,-10.435,-10.2376,-10.0216,-9.7912,-9.5504,-9.3032,-9.053,-8.8016,-8.5492,-8.2954,-8.041,-7.7884,-7.5386,-7.2906,-7.0416,-6.7882,-6.5262,-6.2518,-5.9626,-5.658,-5.3402,-5.0152,-4.6902,-4.3732,-4.0734,-3.7988,-3.5568,-3.353,-3.19,-3.0684,-2.987,-2.9428,-2.9296,-2.9396,-2.9636,-2.991,-3.0126,-3.0192,-3.0036,-2.9604,-2.8886,-2.7892,-2.6654,-2.5218,-2.3642,-2.199,-2.0344,-1.87932,-1.74272
-4.5314,-4.4946,-4.421,-4.3212,-4.2072,-4.0912,-3.9846,-3.8988,-3.8452,-3.835,-3.8774,-3.9756,-4.1262,-4.3204,-4.5484,-4.8,-5.066,-5.337,-5.6036,-5.8572,-6.091,-6.3032,-6.4968,-6.6788,-6.8572,-7.0396,-7.233,-7.4428,-7.6742,-7.9296,-8.2098,-8.513,-8.8346,-9.168,-9.5054,-9.8386,-10.1594,-10.4616,-10.7406,-10.9948,-11.2222,-11.4194,-11.5806,-11.6994,-11.772,-11.797,-11.775,-11.7076,-11.5978,-11.4492,-11.2664,-11.0534,-10.8144,-10.5538,-10.2766,-9.988,-9.693,-9.3962,-9.1012,-8.8104,-8.5252,-8.2468,-7.9758,-7.7118,-7.4524,-7.1938,-6.9318,-6.6612,-6.3776,-6.0778,-5.761,-5.4294,-5.0884,-4.7452,-4.4088,-4.0888,-3.7944,-3.5344,-3.3156,-3.1426,-3.017,-2.937,-2.8984,-2.8938,-2.9142,-2.9488,-2.9872,-3.0188,-3.0346,-3.0268,-2.991,-2.9258,-2.8324,-2.7146,-2.5774,-2.4268,-2.27,-2.1144,-1.96782,-1.83692
-4.5082,-4.4748,-4.408,-4.317,-4.2128,-4.1072,-4.012,-3.9386,-3.898,-3.9,-3.9518,-4.056,-4.2098,-4.4066,-4.6376,-4.8928,-5.1624,-5.4366,-5.7058,-5.9618,-6.1986,-6.4146,-6.6122,-6.7978,-6.9792,-7.165,-7.3636,-7.5826,-7.8288,-8.1072,-8.42,-8.7658,-9.1392,-9.5324,-9.9354,-10.3374,-10.7282,-11.0982,-11.439,-11.744,-12.0078,-12.2256,-12.394,-12.5108,-12.5748,-12.5864,-12.5468,-12.458,-12.3228,-12.1444,-11.9266,-11.6738,-11.3906,-11.0826,-10.7554,-10.4154,-10.0692,-9.7228,-9.382,-9.0512,-8.7338,-8.4308,-8.1418,-7.865,-7.5966,-7.3316,-7.0642,-6.7884,-6.4986,-6.1904,-5.8626,-5.5168,-5.1586,-4.7958,-4.438,-4.0956,-3.779,-3.499,-3.264,-3.0808,-2.952,-2.8758,-2.846,-2.8538,-2.8882,-2.9376,-2.9904,-3.0354,-3.063,-3.0652,-3.0376,-2.9788,-2.891,-2.7786,-2.6474,-2.5036,-2.3542,-2.2066,-2.067,-1.94124
-4.466,-4.4366,-4.3762,-4.2936,-4.1992,-4.1046,-4.0214,-3.9606,-3.9326,-3.9464,-4.008,-4.1196,-4.279,-4.4804,-4.7156,-4.975,-5.2492,-5.5278,-5.8012,-6.0608,-6.3008,-6.5192,-6.7188,-6.906,-7.089,-7.2774,-7.4804,-7.7074,-7.9676,-8.2686,-8.6148,-9.0054,-9.4338,-9.8898,-10.361,-10.8344,-11.2972,-11.7368,-12.1404,-12.4968,-12.7968,-13.0354,-13.211,-13.325,-13.3794,-13.3768,-13.319,-13.2084,-13.0472,-12.838,-12.5844,-12.2906,-11.9618,-11.6042,-11.2248,-10.8308,-10.4304,-10.0318,-9.643,-9.2708,-8.92,-8.5922,-8.2862,-7.9982,-7.723,-7.4542,-7.1848,-6.9076,-6.615,-6.3012,-5.9638,-5.6042,-5.2282,-4.8448,-4.4644,-4.0982,-3.7578,-3.4556,-3.203,-3.0092,-2.8784,-2.808,-2.7904,-2.8136,-2.865,-2.932,-3.0018,-3.0628,-3.1042,-3.1176,-3.0982,-3.0452,-2.962,-2.8538,-2.7276,-2.5896,-2.447,-2.3062,-2.1728,-2.052
-4.4062,-4.3808,-4.3262,-4.2508,-4.1658,-4.0822,-4.011,-3.9626,-3.9464,-3.9712,-4.0426,-4.1632,-4.3304,-4.5386,-4.7796,-5.0448,-5.3248,-5.6094,-5.889,-6.1542,-6.398,-6.6182,-6.8182,-7.0056,-7.1892,-7.3792,-7.5856,-7.819,-8.0912,-8.4132,-8.7924,-9.2288,-9.7142,-10.2344,-10.7746,-11.3194,-11.8542,-12.3634,-12.8304,-13.2388,-13.575,-13.8328,-14.0142,-14.1246,-14.1696,-14.1536,-14.079,-13.9476,-13.7616,-13.5224,-13.2332,-12.8984,-12.5234,-12.1154,-11.682,-11.2324,-10.7758,-10.3224,-9.8832,-9.4676,-9.0828,-8.7308,-8.4088,-8.111,-7.8306,-7.5602,-7.2918,-7.0166,-6.7254,-6.4096,-6.0644,-5.6918,-5.2986,-4.895,-4.4922,-4.102,-3.7372,-3.4114,-3.1392,-2.9338,-2.802,-2.7406,-2.7378,-2.7788,-2.8488,-2.934,-3.022,-3.1002,-3.1568,-3.1818,-3.1696,-3.1208,-3.0402,-2.9354,-2.8132,-2.6808,-2.5444,-2.4096,-2.2824,-2.1666
-4.3274,-4.3064,-4.2564,-4.1878,-4.1118,-4.0394,-3.9802,-3.9438,-3.939,-3.974,-4.0556,-4.1864,-4.3632,-4.5798,-4.828,-5.0998,-5.3866,-5.679,-5.9672,-6.2402,-6.4888,-6.7104,-6.9098,-7.0968,-7.2812,-7.4734,-7.683,-7.922,-8.2032,-8.5424,-8.9528,-9.4358,-9.9786,-10.5622,-11.1686,-11.7814,-12.385,-12.962,-13.4926,-13.954,-14.3254,-14.5996,-14.7842,-14.8906,-14.928,-14.9012,-14.8128,-14.6642,-14.4562,-14.1896,-13.8666,-13.4918,-13.071,-12.6126,-12.1254,-11.6192,-11.1052,-10.5952,-10.1028,-9.6414,-9.222,-8.8468,-8.5098,-8.203,-7.9182,-7.6474,-7.382,-7.1124,-6.8266,-6.5128,-6.1628,-5.7782,-5.369,-4.9476,-4.5254,-4.1142,-3.726,-3.376,-3.082,-2.8634,-2.732,-2.6826,-2.697,-2.756,-2.8432,-2.9452,-3.0498,-3.1448,-3.2168,-3.2534,-3.2466,-3.1992,-3.1194,-3.017,-2.8992,-2.7726,-2.6428,-2.5146,-2.3932,-2.2832
-4.2268,-4.2098,-4.1632,-4.1014,-4.0354,-3.9754,-3.9296,-3.9062,-3.9126,-3.9574,-4.049,-4.1912,-4.379,-4.6046,-4.86,-5.1382,-5.4316,-5.732,-6.03,-6.3136,-6.5692,-6.7914,-6.9902,-7.178,-7.366,-7.563,-7.7786,-8.0234,-8.3116,-8.663,-9.1012,-9.6314,-10.2302,-10.8722,-11.5376,-12.2102,-12.8744,-13.5134,-14.1054,-14.6212,-15.0268,-15.3124,-15.498,-15.6026,-15.6364,-15.6042,-15.5078,-15.347,-15.1216,-14.8318,-14.4782,-14.0652,-13.6004,-13.0928,-12.5526,-11.9908,-11.4194,-10.8522,-10.3042,-9.7944,-9.34,-8.9428,-8.5916,-8.2752,-7.9848,-7.7128,-7.4504,-7.1878,-6.912,-6.6058,-6.2534,-5.8582,-5.4366,-5.0028,-4.568,-4.1422,-3.7362,-3.3644,-3.0466,-2.8116,-2.6828,-2.649,-2.6804,-2.7536,-2.8528,-2.9656,-3.0818,-3.19,-3.2768,-3.3246,-3.3202,-3.2708,-3.1908,-3.0914,-2.98,-2.8614,-2.74,-2.6198,-2.5052,-2.4016
-4.0978,-4.083,-4.0408,-3.9882,-3.9354,-3.8908,-3.861,-3.8528,-3.8724,-3.9272,-4.028,-4.1832,-4.382,-4.615,-4.8758,-5.1582,-5.456,-5.7624,-6.0692,-6.3652,-6.6306,-6.8524,-7.0526,-7.2462,-7.443,-7.6508,-7.8782,-8.1344,-8.4322,-8.7912,-9.2518,-9.8294,-10.4772,-11.166,-11.8772,-12.5956,-13.3068,-13.995,-14.6392,-15.2092,-15.648,-15.9386,-16.1284,-16.2384,-16.2774,-16.2484,-16.1514,-15.9852,-15.7488,-15.441,-15.0608,-14.6128,-14.1066,-13.5524,-12.9614,-12.346,-11.7198,-11.0972,-10.4944,-9.9328,-9.4436,-9.026,-8.6582,-8.3286,-8.0292,-7.7524,-7.4902,-7.233,-6.9684,-6.676,-6.3236,-5.9212,-5.4954,-5.0596,-4.623,-4.1936,-3.7808,-3.3964,-3.0586,-2.802,-2.68,-2.6624,-2.7034,-2.7808,-2.8812,-2.9944,-3.1122,-3.2256,-3.3226,-3.3816,-3.375,-3.3216,-3.2438,-3.1514,-3.0502,-2.9436,-2.8344,-2.7252,-2.6194,-2.5232
-3.9204,-3.9132,-3.883,-3.846,-3.8116,-3.7866,-3.777,-3.788,-3.825,-3.8944,-4.0064,-4.1716,-4.377,-4.614,-4.8764,-5.1594,-5.4576,-5.765,-6.0744,-6.3758,-6.6488,-6.8784,-7.09,-7.298,-7.5116,-7.7384,-7.9862,-8.2638,-8.5834,-8.9638,-9.4474,-10.0536,-10.7288,-11.4448,-12.1832,-12.9294,-13.669,-14.3858,-15.0598,-15.6604,-16.1268,-16.439,-16.6502,-16.7804,-16.837,-16.8218,-16.7336,-16.57,-16.3288,-16.008,-15.6064,-15.1282,-14.5844,-13.9868,-13.348,-12.6824,-12.0054,-11.3332,-10.6836,-10.0782,-9.5526,-9.1056,-8.713,-8.3638,-8.05,-7.7634,-7.496,-7.238,-6.9766,-6.6922,-6.347,-5.9536,-5.5392,-5.1158,-4.6918,-4.2738,-3.8702,-3.4916,-3.1552,-2.8938,-2.7702,-2.7474,-2.7788,-2.8436,-2.93,-3.0296,-3.1352,-3.2394,-3.3312,-3.3906,-3.3846,-3.3368,-3.2692,-3.1908,-3.1058,-3.0168,-2.9254,-2.8324,-2.7406,-2.6554
-3.6908,-3.6998,-3.6908,-3.6768,-3.6664,-3.666,-3.6806,-3.715,-3.7738,-3.8632,-3.9908,-4.1604,-4.367,-4.6032,-4.8634,-5.1428,-5.4366,-5.7394,-6.0444,-6.3416,-6.6174,-6.8664,-7.1002,-7.3316,-7.5706,-7.8246,-8.1018,-8.4116,-8.7664,-9.1862,-9.6968,-10.3044,-10.9826,-11.7046,-12.451,-13.206,-13.954,-14.678,-15.3562,-15.9574,-16.4428,-16.8008,-17.0534,-17.2196,-17.3068,-17.3168,-17.2472,-17.0948,-16.8556,-16.5272,-16.109,-15.6062,-15.029,-14.3908,-13.7072,-12.995,-12.2716,-11.5562,-10.8688,-10.2322,-9.6684,-9.18,-8.7542,-8.3794,-8.0458,-7.7446,-7.4664,-7.2006,-6.9334,-6.6456,-6.3176,-5.9524,-5.5662,-5.1706,-4.774,-4.3832,-4.0056,-3.6526,-3.3418,-3.1026,-2.962,-2.9072,-2.9074,-2.9418,-2.9982,-3.0692,-3.148,-3.2274,-3.2968,-3.3398,-3.342,-3.3116,-3.2634,-3.2064,-3.1446,-3.0794,-3.011,-2.9404,-2.8688,-2.7998
-3.4368,-3.4604,-3.4744,-3.487,-3.5046,-3.5326,-3.575,-3.6356,-3.7186,-3.8286,-3.97,-4.1452,-4.3512,-4.5838,-4.8382,-5.1102,-5.3958,-5.6904,-5.9878,-6.2808,-6.5618,-6.829,-7.0882,-7.3486,-7.6186,-7.906,-8.2188,-8.566,-8.9598,-9.4148,-9.9454,-10.5528,-11.223,-11.9364,-12.6748,-13.422,-14.1622,-14.878,-15.5478,-16.1462,-16.649,-17.0466,-17.3458,-17.5564,-17.6842,-17.729,-17.6878,-17.5552,-17.3262,-16.9968,-16.5674,-16.043,-15.4352,-14.759,-14.0324,-13.2756,-12.509,-11.7538,-11.0312,-10.362,-9.7618,-9.2346,-8.7744,-8.3712,-8.0152,-7.6966,-7.405,-7.1292,-6.8558,-6.5704,-6.2618,-5.9296,-5.581,-5.2246,-4.8676,-4.5162,-4.1776,-3.8618,-3.5834,-3.3612,-3.2076,-3.1182,-3.0768,-3.068,-3.0818,-3.1114,-3.1514,-3.1956,-3.236,-3.2622,-3.2676,-3.2544,-3.2298,-3.1996,-3.1662,-3.1298,-3.0896,-3.0452,-2.9966,-2.9444
-3.1716,-3.2086,-3.2452,-3.2854,-3.3332,-3.3916,-3.4638,-3.552,-3.6594,-3.789,-3.9436,-4.124,-4.3292,-4.5566,-4.8028,-5.065,-5.34,-5.6244,-5.9138,-6.204,-6.4912,-6.7754,-7.0596,-7.3504,-7.6544,-7.9778,-8.3282,-8.7132,-9.1426,-9.6258,-10.1702,-10.7756,-11.4332,-12.1292,-12.8486,-13.5764,-14.2978,-14.996,-15.6526,-16.2478,-16.7652,-17.1954,-17.5382,-17.796,-17.9696,-18.057,-18.0524,-17.9482,-17.7372,-17.414,-16.9778,-16.4348,-15.7974,-15.0836,-14.315,-13.5146,-12.7058,-11.9114,-11.1534,-10.451,-9.8168,-9.2558,-8.7648,-8.3354,-7.958,-7.6222,-7.3176,-7.033,-6.7574,-6.48,-6.1932,-5.8952,-5.5886,-5.278,-4.9686,-4.6648,-4.3722,-4.0978,-3.8512,-3.6424,-3.478,-3.3562,-3.27,-3.2112,-3.1738,-3.1536,-3.147,-3.1506,-3.1594,-3.168,-3.1732,-3.1746,-3.174,-3.173,-3.1714,-3.1676,-3.1592,-3.1436,-3.1192,-3.0846
-2.904,-2.9542,-3.0128,-3.0808,-3.1594,-3.2494,-3.3518,-3.4676,-3.5988,-3.7468,-3.9132,-4.0984,-4.3022,-4.5232,-4.76,-5.0108,-5.2736,-5.5468,-5.8282,-6.1162,-6.4098,-6.7094,-7.0176,-7.3382,-7.6758,-8.0352,-8.422,-8.842,-9.3016,-9.8064,-10.3596,-10.96,-11.6016,-12.2748,-12.9682,-13.669,-14.3642,-15.0394,-15.68,-16.2708,-16.7992,-17.2566,-17.6384,-17.942,-18.164,-18.2986,-18.3374,-18.2696,-18.0846,-17.7738,-17.3352,-16.7748,-16.108,-15.3564,-14.5452,-13.7012,-12.8502,-12.017,-11.2236,-10.4888,-9.8246,-9.236,-8.72,-8.2696,-7.8748,-7.5252,-7.2102,-6.9202,-6.6462,-6.3804,-6.1174,-5.8542,-5.5912,-5.3296,-5.0714,-4.8192,-4.5756,-4.3438,-4.1274,-3.9304,-3.7556,-3.603,-3.4718,-3.3604,-3.2674,-3.1926,-3.1352,-3.095,-3.0708,-3.0612,-3.0642,-3.0782,-3.101,-3.1302,-3.1624,-3.1932,-3.2182,-3.233,-3.2336,-3.2172
-2.6424,-2.7056,-2.786,-2.882,-2.9912,-3.1124,-3.2444,-3.387,-3.5404,-3.7054,-3.882,-4.0712,-4.2728,-4.4868,-4.713,-4.9512,-5.201,-5.4622,-5.735,-6.0204,-6.3194,-6.6332,-6.9634,-7.3118,-7.681,-8.0738,-8.4936,-8.9444,-9.429,-9.9496,-10.5068,-11.0986,-11.721,-12.3676,-13.0302,-13.6992,-14.3638,-15.0128,-15.6346,-16.2182,-16.7538,-17.2332,-17.6494,-17.996,-18.266,-18.4504,-18.5376,-18.5132,-18.3616,-18.07,-17.6322,-17.055,-16.3572,-15.5664,-14.7122,-13.8248,-12.9324,-12.0608,-11.2336,-10.4692,-9.7804,-9.1712,-8.6386,-8.1744,-7.7682,-7.4096,-7.0884,-6.7966,-6.5272,-6.2752,-6.0368,-5.8088,-5.5892,-5.3764,-5.17,-4.9698,-4.7754,-4.5858,-4.3992,-4.2134,-4.0282,-3.8456,-3.6694,-3.5046,-3.3552,-3.2242,-3.1146,-3.0296,-2.9716,-2.9428,-2.943,-2.969,-3.0152,-3.0746,-3.1406,-3.2066,-3.266,-3.3118,-3.3378,-3.3392
-2.3944,-2.4708,-2.5734,-2.6974,-2.8368,-2.9878,-3.1476,-3.315,-3.4888,-3.6686,-3.8542,-4.0456,-4.2438,-4.4498,-4.6648,-4.8898,-5.1258,-5.3742,-5.6376,-5.9188,-6.2216,-6.5478,-6.8976,-7.2712,-7.6684,-8.0904,-8.539,-9.0152,-9.5198,-10.0514,-10.608,-11.1872,-11.787,-12.404,-13.033,-13.6672,-14.2986,-14.9182,-15.5182,-16.091,-16.6294,-17.1258,-17.5714,-17.9568,-18.272,-18.506,-18.644,-18.6688,-18.5586,-18.2926,-17.8584,-17.2632,-16.5322,-15.7004,-14.8038,-13.8748,-12.9436,-12.0366,-11.1784,-10.3892,-9.6824,-9.0618,-8.522,-8.053,-7.6432,-7.2814,-6.9586,-6.668,-6.4048,-6.1672,-5.953,-5.7592,-5.5812,-5.4148,-5.2574,-5.1066,-4.9596,-4.8114,-4.6544,-4.4804,-4.2848,-4.0714,-3.8508,-3.634,-3.4296,-3.2446,-3.0844,-2.9548,-2.863,-2.815,-2.8128,-2.8512,-2.9206,-3.0094,-3.1082,-3.208,-3.3006,-3.3772,-3.4288,-3.4472
-2.1694,-2.2594,-2.3852,-2.5368,-2.7046,-2.8828,-3.0676,-3.2564,-3.448,-3.6406,-3.833,-4.025,-4.2184,-4.4154,-4.6186,-4.83,-5.0518,-5.2866,-5.5388,-5.8138,-6.118,-6.4544,-6.8216,-7.2164,-7.637,-8.0832,-8.5544,-9.0508,-9.5702,-10.1086,-10.6608,-11.2234,-11.7972,-12.3822,-12.9758,-13.5738,-14.17,-14.7582,-15.333,-15.8904,-16.4268,-16.9348,-17.4036,-17.8216,-18.1764,-18.4556,-18.6438,-18.7206,-18.659,-18.4266,-17.9986,-17.382,-16.6144,-15.7424,-14.8068,-13.842,-12.878,-11.9414,-11.0574,-10.2492,-9.533,-8.912,-8.376,-7.9118,-7.506,-7.1478,-6.828,-6.541,-6.2844,-6.06,-5.8688,-5.707,-5.567,-5.4416,-5.3268,-5.2192,-5.1148,-5.0058,-4.8796,-4.7188,-4.512,-4.2668,-4.0026,-3.7376,-3.4842,-3.251,-3.045,-2.8738,-2.7484,-2.681,-2.678,-2.731,-2.8232,-2.9392,-3.067,-3.1966,-3.3194,-3.4252,-3.5018,-3.5364
-1.97862,-2.0834,-2.2336,-2.411,-2.6036,-2.8044,-3.0092,-3.2154,-3.421,-3.6238,-3.8208,-4.0112,-4.198,-4.3854,-4.5768,-4.775,-4.9828,-5.204,-5.4434,-5.709,-6.0116,-6.3566,-6.738,-7.1494,-7.5874,-8.0504,-8.5376,-9.0474,-9.5766,-10.1182,-10.6624,-11.204,-11.7488,-12.3004,-12.8584,-13.42,-13.9808,-14.5362,-15.0826,-15.6194,-16.1478,-16.662,-17.147,-17.5882,-17.9728,-18.2882,-18.519,-18.645,-18.6366,-18.448,-18.0282,-17.3836,-16.5788,-15.6726,-14.708,-13.7188,-12.7332,-11.7768,-10.8748,-10.0542,-9.3392,-8.7304,-8.2096,-7.7592,-7.3656,-7.0172,-6.7054,-6.4246,-6.174,-5.9596,-5.789,-5.6562,-5.5478,-5.4544,-5.3716,-5.2964,-5.2252,-5.1502,-5.055,-4.9108,-4.6914,-4.4122,-4.1084,-3.804,-3.5126,-3.2426,-3.0002,-2.794,-2.6366,-2.5496,-2.5488,-2.6188,-2.732,-2.8696,-3.0188,-3.1708,-3.317,-3.4474,-3.548,-3.5982
-1.83934,-1.96198,-2.1344,-2.3314,-2.5414,-2.758,-2.9764,-3.1942,-3.4092,-3.6186,-3.8182,-4.004,-4.1834,-4.3612,-4.5414,-4.7272,-4.9224,-5.1308,-5.358,-5.612,-5.909,-6.2608,-6.6516,-7.0726,-7.52,-7.9918,-8.4864,-9.0014,-9.5332,-10.0742,-10.6074,-11.1236,-11.6382,-12.1574,-12.6816,-13.2084,-13.7348,-14.2576,-14.7744,-15.2854,-15.7996,-16.3138,-16.8046,-17.2564,-17.657,-17.9934,-18.2514,-18.4118,-18.4474,-18.311,-17.901,-17.2238,-16.3938,-15.4712,-14.4962,-13.5004,-12.5102,-11.5502,-10.6438,-9.8186,-9.1164,-8.5328,-8.035,-7.6052,-7.2296,-6.8974,-6.5996,-6.3298,-6.0868,-5.8778,-5.7248,-5.6158,-5.5278,-5.4526,-5.3866,-5.3282,-5.2744,-5.2192,-5.1482,-5.0266,-4.7904,-4.48,-4.1494,-3.822,-3.5096,-3.2194,-2.957,-2.729,-2.5472,-2.4388,-2.4464,-2.5324,-2.6584,-2.8068,-2.966,-3.1284,-3.2864,-3.4316,-3.5508,-3.6174
-1.79412,-1.92246,-2.1014,-2.3056,-2.523,-2.7466,-2.9714,-3.194,-3.4118,-3.622,-3.8198,-4.0012,-4.1738,-4.3428,-4.513,-4.688,-4.8722,-5.0706,-5.2892,-5.5364,-5.8286,-6.1778,-6.5674,-6.9882,-7.436,-7.9076,-8.4002,-8.9108,-9.4344,-9.9632,-10.4798,-10.9746,-11.464,-11.9544,-12.4472,-12.9418,-13.4362,-13.9286,-14.4178,-14.9052,-15.4004,-15.9006,-16.382,-16.829,-17.2286,-17.5672,-17.8298,-17.9972,-18.0416,-17.9152,-17.5164,-16.8516,-16.035,-15.1266,-14.1666,-13.1866,-12.2132,-11.2708,-10.3834,-9.5786,-8.898,-8.337,-7.8626,-7.4566,-7.1044,-6.7948,-6.5176,-6.2666,-6.0394,-5.843,-5.6994,-5.5964,-5.5114,-5.4368,-5.3692,-5.3078,-5.2504,-5.1912,-5.1164,-4.9916,-4.7532,-4.4416,-4.1106,-3.7834,-3.472,-3.183,-2.9216,-2.694,-2.512,-2.4022,-2.4076,-2.49,-2.612,-2.7556,-2.9102,-3.068,-3.2224,-3.365,-3.4834,-3.5508
-1.84242,-1.96424,-2.1342,-2.3332,-2.5478,-2.77,-2.9936,-3.2146,-3.4294,-3.6344,-3.8262,-4.0032,-4.1696,-4.3308,-4.4916,-4.657,-4.8324,-5.0232,-5.2366,-5.4816,-5.77,-6.1066,-6.485,-6.897,-7.3364,-7.799,-8.281,-8.7778,-9.2834,-9.789,-10.283,-10.7612,-11.2298,-11.6948,-12.1594,-12.6242,-13.0888,-13.5528,-14.0168,-14.483,-14.9546,-15.427,-15.8844,-16.3114,-16.6932,-17.0154,-17.2608,-17.4074,-17.4248,-17.2664,-16.8804,-16.2728,-15.508,-14.644,-13.724,-12.7818,-11.846,-10.9426,-10.0972,-9.3372,-8.6864,-8.1454,-7.6948,-7.3154,-6.9918,-6.7108,-6.4614,-6.2364,-6.0334,-5.8566,-5.7138,-5.5992,-5.4994,-5.4072,-5.3194,-5.2352,-5.1526,-5.0654,-4.9588,-4.8054,-4.5792,-4.2962,-3.9914,-3.6882,-3.3998,-3.1332,-2.894,-2.6892,-2.5312,-2.4406,-2.433,-2.493,-2.5938,-2.7172,-2.8522,-2.9906,-3.1258,-3.2488,-3.3466,-3.3996
-1.94064,-2.0588,-2.2174,-2.405,-2.61,-2.8242,-3.041,-3.2552,-3.4626,-3.6596,-3.8432,-4.0132,-4.1722,-4.3248,-4.4766,-4.6328,-4.7998,-4.9836,-5.1918,-5.4326,-5.7132,-6.0366,-6.3998,-6.7966,-7.2212,-7.6684,-8.1328,-8.6092,-9.0912,-9.5708,-10.0408,-10.4982,-10.9454,-11.3862,-11.8238,-12.26,-12.6956,-13.1316,-13.569,-14.009,-14.4516,-14.8912,-15.3158,-15.7116,-16.0632,-16.3546,-16.5674,-16.6788,-16.6602,-16.4776,-16.1056,-15.55,-14.8482,-14.0458,-13.1836,-12.2962,-11.4136,-10.5638,-9.7726,-9.0638,-8.4538,-7.9448,-7.525,-7.1786,-6.8896,-6.6432,-6.4274,-6.233,-6.055,-5.8932,-5.7478,-5.615,-5.4888,-5.3644,-5.2404,-5.1168,-4.9928,-4.8632,-4.7178,-4.541,-4.323,-4.0716,-3.806,-3.5436,-3.2956,-3.069,-2.8688,-2.701,-2.575,-2.5022,-2.488,-2.5246,-2.5962,-2.6888,-2.7924,-2.8998,-3.004,-3.0974,-3.1696,-3.209
-2.0704,-2.1858,-2.3342,-2.5086,-2.7008,-2.9028,-3.1088,-3.3128,-3.5104,-3.6974,-3.8712,-4.0318,-4.1814,-4.3242,-4.466,-4.6126,-4.7704,-4.9466,-5.1476,-5.3806,-5.6508,-5.96,-6.3064,-6.6854,-7.0912,-7.5182,-7.9608,-8.413,-8.8686,-9.321,-9.7652,-10.1986,-10.6218,-11.0372,-11.4476,-11.8548,-12.2608,-12.667,-13.0746,-13.484,-13.8932,-14.2964,-14.6834,-15.0412,-15.3548,-15.6076,-15.7812,-15.8544,-15.8036,-15.6064,-15.2494,-14.7386,-14.0982,-13.3624,-12.5666,-11.7434,-10.9234,-10.1348,-9.4034,-8.7504,-8.1898,-7.7238,-7.3452,-7.0402,-6.7926,-6.587,-6.4094,-6.248,-6.0944,-5.9436,-5.792,-5.637,-5.4764,-5.3094,-5.1374,-4.9626,-4.7866,-4.6086,-4.424,-4.2274,-4.016,-3.7946,-3.5728,-3.3604,-3.1648,-2.99,-2.8392,-2.716,-2.6248,-2.5702,-2.5532,-2.5692,-2.6098,-2.6662,-2.7314,-2.7998,-2.8664,-2.9256,-2.9712,-2.9968
-2.2196,-2.3322,-2.471,-2.632,-2.8096,-2.9978,-3.1906,-3.3828,-3.569,-3.745,-3.908,-4.0574,-4.1956,-4.3268,-4.4572,-4.5928,-4.7406,-4.907,-5.0986,-5.3214,-5.5792,-5.8734,-6.2024,-6.5622,-6.9472,-7.3518,-7.77,-8.196,-8.6238,-9.0482,-9.465,-9.8716,-10.2684,-10.6564,-11.038,-11.4152,-11.7898,-12.1638,-12.5384,-12.9132,-13.286,-13.6508,-13.9982,-14.3152,-14.5876,-14.7992,-14.933,-14.9708,-14.8944,-14.6892,-14.3486,-13.878,-13.2946,-12.6244,-11.8966,-11.141,-10.3868,-9.662,-8.992,-8.3978,-7.8924,-7.4788,-7.1508,-6.8954,-6.6964,-6.537,-6.4014,-6.275,-6.1454,-6.0034,-5.8432,-5.6622,-5.4614,-5.2444,-5.0164,-4.7832,-4.5496,-4.3198,-4.0966,-3.8814,-3.6762,-3.4836,-3.3072,-3.1496,-3.0128,-2.897,-2.8018,-2.7272,-2.6724,-2.637,-2.6196,-2.6178,-2.6276,-2.6458,-2.669,-2.6948,-2.7206,-2.7442,-2.763,-2.7744
-2.3788,-2.4876,-2.6168,-2.7644,-2.9268,-3.1,-3.279,-3.4586,-3.6334,-3.7982,-3.9496,-4.0864,-4.2112,-4.3294,-4.4468,-4.5702,-4.7064,-4.8616,-5.042,-5.2526,-5.4968,-5.7758,-6.0874,-6.4276,-6.7912,-7.1722,-7.565,-7.964,-8.3636,-8.7592,-9.147,-9.5252,-9.8932,-10.252,-10.603,-10.9482,-11.2898,-11.6292,-11.9678,-12.3058,-12.6406,-12.9664,-13.2736,-13.55,-13.7818,-13.9536,-14.0504,-14.0574,-13.9616,-13.7534,-13.4304,-12.9972,-12.467,-11.8594,-11.198,-10.509,-9.8196,-9.157,-8.5472,-8.012,-7.5654,-7.2106,-6.9406,-6.7418,-6.5968,-6.4882,-6.3978,-6.3084,-6.204,-6.0704,-5.8992,-5.6888,-5.4438,-5.1724,-4.884,-4.5882,-4.2942,-4.0112,-3.7488,-3.5152,-3.3162,-3.1526,-3.0224,-2.9218,-2.8462,-2.7922,-2.7554,-2.7312,-2.7144,-2.6996,-2.6834,-2.6648,-2.6448,-2.6246,-2.6056,-2.5882,-2.573,-2.5608,-2.5528,-2.5502
-2.5398,-2.6436,-2.7622,-2.8956,-3.0424,-3.2002,-3.3652,-3.5326,-3.6964,-3.8508,-3.9904,-4.1136,-4.2238,-4.327,-4.4306,-4.5412,-4.6652,-4.8082,-4.976,-5.1734,-5.4036,-5.6674,-5.9624,-6.2836,-6.626,-6.9834,-7.3504,-7.722,-8.093,-8.4594,-8.8176,-9.1658,-9.5036,-9.8314,-10.1504,-10.4624,-10.769,-11.0718,-11.3728,-11.6722,-11.9684,-12.256,-12.5252,-12.7634,-12.957,-13.0926,-13.157,-13.1384,-13.028,-12.8208,-12.5166,-12.1198,-11.64,-11.0916,-10.4936,-9.868,-9.2398,-8.6354,-8.0818,-7.6032,-7.2164,-6.9246,-6.718,-6.58,-6.4922,-6.436,-6.3928,-6.3426,-6.265,-6.1408,-5.9576,-5.715,-5.4228,-5.095,-4.7456,-4.387,-4.0324,-3.6956,-3.3928,-3.14,-2.9474,-2.814,-2.7308,-2.6868,-2.672,-2.6788,-2.6998,-2.7268,-2.749,-2.756,-2.7414,-2.7064,-2.6574,-2.6008,-2.5416,-2.4834,-2.4292,-2.3824,-2.3484,-2.3322
-2.6952,-2.7924,-2.899,-3.017,-3.1474,-3.2892,-3.44,-3.5954,-3.7496,-3.895,-4.0236,-4.1326,-4.2268,-4.3146,-4.4044,-4.5026,-4.6148,-4.746,-4.901,-5.0846,-5.301,-5.5506,-5.83,-6.1334,-6.4546,-6.7886,-7.13,-7.4742,-7.8168,-8.1536,-8.4818,-8.7994,-9.106,-9.402,-9.6882,-9.966,-10.2368,-10.5022,-10.7642,-11.0242,-11.2828,-11.5346,-11.7688,-11.9722,-12.1322,-12.236,-12.273,-12.2338,-12.1132,-11.9098,-11.6258,-11.2656,-10.8346,-10.343,-9.8052,-9.24,-8.6692,-8.1176,-7.6134,-7.186,-6.858,-6.6316,-6.4906,-6.4142,-6.3822,-6.3768,-6.379,-6.3684,-6.3206,-6.2088,-6.0128,-5.735,-5.3944,-5.012,-4.6052,-4.1888,-3.7774,-3.3878,-3.043,-2.7688,-2.5836,-2.483,-2.4468,-2.456,-2.4968,-2.5592,-2.634,-2.7102,-2.7724,-2.8026,-2.7892,-2.737,-2.6602,-2.5712,-2.4776,-2.3844,-2.2956,-2.2172,-2.158,-2.1294
-2.838,-2.9264,-3.0184,-3.1198,-3.233,-3.3582,-3.494,-3.637,-3.7822,-3.9208,-4.0406,-4.1342,-4.2118,-4.2854,-4.3636,-4.4518,-4.5544,-4.6756,-4.8188,-4.989,-5.1918,-5.429,-5.6944,-5.9804,-6.2812,-6.5918,-6.9076,-7.2244,-7.5386,-7.8462,-8.1444,-8.4312,-8.7062,-8.9702,-9.224,-9.468,-9.7036,-9.9318,-10.1548,-10.3756,-10.5978,-10.8174,-11.0208,-11.1936,-11.324,-11.4012,-11.4158,-11.3614,-11.2344,-11.0366,-10.7746,-10.4522,-10.0698,-9.633,-9.1534,-8.6462,-8.1302,-7.6276,-7.166,-6.7808,-6.5086,-6.349,-6.272,-6.2514,-6.2684,-6.3058,-6.3468,-6.372,-6.3558,-6.261,-6.0516,-5.7358,-5.3496,-4.9204,-4.4666,-4.003,-3.5442,-3.1082,-2.7206,-2.421,-2.2458,-2.181,-2.1882,-2.2422,-2.3278,-2.4348,-2.554,-2.6736,-2.7754,-2.831,-2.8166,-2.7458,-2.6458,-2.5322,-2.414,-2.2956,-2.1812,-2.0772,-1.99482,-1.9542
-2.96,-3.0362,-3.1126,-3.197,-3.2924,-3.3998,-3.519,-3.6476,-3.7818,-3.9142,-4.028,-4.1052,-4.1686,-4.2324,-4.3036,-4.3864,-4.4838,-4.5988,-4.7334,-4.892,-5.082,-5.3092,-5.561,-5.8294,-6.1092,-6.396,-6.686,-6.9754,-7.2614,-7.5404,-7.8088,-8.0648,-8.3092,-8.5422,-8.7644,-8.9764,-9.1788,-9.3724,-9.5592,-9.7416,-9.9298,-10.1218,-10.297,-10.4424,-10.5472,-10.6024,-10.6008,-10.5366,-10.4082,-10.218,-9.9798,-9.6964,-9.3612,-8.9776,-8.5548,-8.1052,-7.645,-7.193,-6.773,-6.4204,-6.2004,-6.1044,-6.0794,-6.1012,-6.1526,-6.219,-6.2854,-6.334,-6.3418,-6.2702,-6.045,-5.6936,-5.2748,-4.8148,-4.3312,-3.8382,-3.3496,-2.8828,-2.4618,-2.1312,-1.97162,-1.93922,-1.97626,-2.0584,-2.1718,-2.3066,-2.454,-2.603,-2.7372,-2.822,-2.8012,-2.716,-2.6038,-2.4796,-2.351,-2.222,-2.0962,-1.97882,-1.88056,-1.82738
-3.0458,-3.1122,-3.1756,-3.2438,-3.3212,-3.4096,-3.5096,-3.62,-3.7374,-3.8552,-3.9572,-4.0286,-4.0886,-4.151,-4.2222,-4.3056,-4.4036,-4.5176,-4.6498,-4.8032,-4.985,-5.1992,-5.4348,-5.684,-5.9418,-6.2044,-6.468,-6.7302,-6.9876,-7.2376,-7.477,-7.704,-7.919,-8.1228,-8.3158,-8.498,-8.6706,-8.8344,-8.9912,-9.144,-9.3022,-9.464,-9.6108,-9.7304,-9.8132,-9.8512,-9.8384,-9.7712,-9.6484,-9.4744,-9.2616,-9.0126,-8.7208,-8.3878,-8.021,-7.6302,-7.2294,-6.8354,-6.4708,-6.17,-5.9908,-5.9262,-5.9276,-5.9704,-6.0374,-6.1146,-6.1872,-6.2378,-6.2434,-6.1648,-5.9372,-5.5836,-5.1592,-4.6922,-4.201,-3.7004,-3.2056,-2.7344,-2.3124,-1.98502,-1.82226,-1.78826,-1.82748,-1.91422,-2.0336,-2.1754,-2.33,-2.4862,-2.626,-2.7152,-2.7056,-2.6308,-2.5276,-2.4114,-2.29,-2.1678,-2.0484,-1.93766,-1.84642,-1.80076
-3.0974,-3.1548,-3.2068,-3.26,-3.319,-3.3868,-3.465,-3.5534,-3.649,-3.7456,-3.833,-3.906,-3.9722,-4.0414,-4.1196,-4.21,-4.3142,-4.4334,-4.5688,-4.723,-4.8998,-5.0998,-5.3172,-5.5458,-5.7808,-6.0184,-6.256,-6.4904,-6.7196,-6.941,-7.1522,-7.3518,-7.54,-7.7168,-7.8828,-8.0386,-8.1852,-8.3238,-8.4566,-8.5872,-8.7196,-8.8506,-8.9696,-9.0656,-9.1294,-9.1544,-9.1356,-9.0706,-8.96,-8.8082,-8.622,-8.404,-8.1526,-7.8684,-7.5568,-7.226,-6.888,-6.5586,-6.2598,-6.0214,-5.8732,-5.8142,-5.818,-5.8604,-5.924,-5.9936,-6.0536,-6.086,-6.0666,-5.9614,-5.7398,-5.4102,-5.0056,-4.5542,-4.077,-3.5906,-3.1122,-2.6618,-2.2668,-1.96518,-1.78898,-1.72636,-1.74264,-1.81164,-1.91648,-2.045,-2.1866,-2.328,-2.451,-2.5284,-2.5394,-2.4956,-2.4206,-2.3302,-2.233,-2.1344,-2.039,-1.95312,-1.88862,-1.86358
-3.127,-3.1726,-3.2116,-3.2484,-3.2882,-3.3342,-3.3888,-3.453,-3.5254,-3.602,-3.6784,-3.7524,-3.8272,-3.908,-3.9988,-4.1014,-4.217,-4.3456,-4.488,-4.645,-4.818,-5.0064,-5.2066,-5.4146,-5.6266,-5.8396,-6.0508,-6.2584,-6.4602,-6.6542,-6.8386,-7.0124,-7.1754,-7.3274,-7.4692,-7.6014,-7.7252,-7.8422,-7.9546,-8.065,-8.1746,-8.2806,-8.3756,-8.451,-8.4996,-8.5152,-8.4942,-8.4352,-8.339,-8.2096,-8.051,-7.8658,-7.6544,-7.4182,-7.161,-6.8896,-6.6146,-6.3496,-6.1128,-5.925,-5.8022,-5.745,-5.7392,-5.7672,-5.8126,-5.8602,-5.8948,-5.8984,-5.8494,-5.7244,-5.5076,-5.2026,-4.8284,-4.4078,-3.9606,-3.5052,-3.0592,-2.6432,-2.2814,-2,-1.81608,-1.7254,-1.70882,-1.746,-1.82088,-1.92084,-2.0344,-2.1492,-2.2498,-2.3186,-2.3452,-2.3334,-2.2956,-2.2428,-2.183,-2.1212,-2.0618,-2.0114,-1.9784,-1.97312
-3.1394,-3.1718,-3.1956,-3.2148,-3.2338,-3.2568,-3.287,-3.3266,-3.3764,-3.4356,-3.503,-3.5782,-3.6624,-3.7572,-3.864,-3.9828,-4.1132,-4.2546,-4.406,-4.5672,-4.7376,-4.9164,-5.1012,-5.2894,-5.479,-5.6676,-5.8536,-6.0354,-6.211,-6.3794,-6.5388,-6.6886,-6.8282,-6.9578,-7.0778,-7.1888,-7.2926,-7.3904,-7.4846,-7.5766,-7.6668,-7.7526,-7.8286,-7.8884,-7.9256,-7.9352,-7.9146,-7.863,-7.782,-7.6744,-7.5436,-7.3922,-7.221,-7.0318,-6.8276,-6.6138,-6.3984,-6.1924,-6.0086,-5.8606,-5.7572,-5.6992,-5.6788,-5.6842,-5.7022,-5.7194,-5.7218,-5.6934,-5.6174,-5.4782,-5.2662,-4.9838,-4.6428,-4.26,-3.8528,-3.4382,-3.0334,-2.6568,-2.3276,-2.0636,-1.87526,-1.76122,-1.7109,-1.71044,-1.74678,-1.80874,-1.88622,-1.969,-2.0462,-2.1076,-2.147,-2.165,-2.1666,-2.1578,-2.143,-2.1262,-2.1102,-2.0992,-2.0988,-2.1134
-3.1392,-3.1574,-3.1648,-3.165,-3.1624,-3.1616,-3.167,-3.1822,-3.2102,-3.2536,-3.3136,-3.391,-3.4854,-3.5958,-3.7206,-3.858,-4.0056,-4.1612,-4.3232,-4.4894,-4.6584,-4.8288,-4.9994,-5.169,-5.3372,-5.5026,-5.6644,-5.8216,-5.973,-6.1174,-6.254,-6.3818,-6.5006,-6.61,-6.7106,-6.803,-6.8886,-6.9694,-7.047,-7.1228,-7.1972,-7.2676,-7.3296,-7.3782,-7.4076,-7.4142,-7.3956,-7.352,-7.2854,-7.199,-7.0956,-6.9776,-6.8462,-6.7026,-6.5488,-6.3886,-6.2278,-6.0736,-5.934,-5.817,-5.727,-5.665,-5.627,-5.6056,-5.5916,-5.5744,-5.5424,-5.4832,-5.3838,-5.2338,-5.0276,-4.7666,-4.4586,-4.116,-3.753,-3.384,-3.024,-2.6882,-2.3906,-2.1432,-1.95294,-1.81984,-1.73826,-1.69946,-1.69426,-1.71414,-1.75172,-1.80036,-1.85412,-1.90798,-1.95852,-2.0042,-2.0454,-2.0826,-2.1166,-2.1484,-2.1786,-2.2088,-2.2406,-2.2752
-3.1294,-3.1332,-3.1236,-3.1042,-3.08,-3.0556,-3.0366,-3.0278,-3.035,-3.0632,-3.1168,-3.1972,-3.303,-3.4302,-3.5742,-3.731,-3.8966,-4.0676,-4.2406,-4.4126,-4.5806,-4.7432,-4.9002,-5.0522,-5.1998,-5.3434,-5.4826,-5.6172,-5.7464,-5.8694,-5.9854,-6.0938,-6.194,-6.2858,-6.3694,-6.4454,-6.515,-6.5804,-6.6432,-6.7054,-6.767,-6.8262,-6.8792,-6.9208,-6.9462,-6.952,-6.9366,-6.9008,-6.8474,-6.7802,-6.7028,-6.6172,-6.5242,-6.4236,-6.3166,-6.2052,-6.0926,-5.983,-5.88,-5.7868,-5.705,-5.6354,-5.577,-5.5266,-5.4788,-5.4266,-5.3612,-5.2732,-5.1538,-4.996,-4.7964,-4.5562,-4.2806,-3.9784,-3.6604,-3.3382,-3.0238,-2.7284,-2.462,-2.2318,-2.0422,-1.89416,-1.78502,-1.71028,-1.66432,-1.64188,-1.63876,-1.6525,-1.6822,-1.7278,-1.78832,-1.86072,-1.94064,-2.0238,-2.1068,-2.1874,-2.2638,-2.3346,-2.3978,-2.452
-3.1122,-3.1026,-3.0762,-3.0378,-2.9926,-2.9462,-2.904,-2.8724,-2.8586,-2.8718,-2.9192,-3.004,-3.1226,-3.2674,-3.4308,-3.6066,-3.7896,-3.9752,-4.1594,-4.337,-4.504,-4.6588,-4.8022,-4.937,-5.0654,-5.1886,-5.3074,-5.4216,-5.531,-5.635,-5.7332,-5.8248,-5.9094,-5.9864,-6.0556,-6.1176,-6.1736,-6.2254,-6.2752,-6.3256,-6.378,-6.4304,-6.4788,-6.5174,-6.542,-6.5488,-6.5374,-6.5086,-6.4664,-6.416,-6.3622,-6.307,-6.2496,-6.1888,-6.1234,-6.0546,-5.9834,-5.9116,-5.8388,-5.7638,-5.6854,-5.6044,-5.523,-5.4426,-5.3614,-5.2754,-5.1788,-5.0652,-4.9288,-4.7656,-4.5738,-4.354,-4.1098,-3.8468,-3.5728,-3.2968,-3.0274,-2.7724,-2.5372,-2.3258,-2.1398,-1.98064,-1.84846,-1.7421,-1.6591,-1.59696,-1.55454,-1.53332,-1.53784,-1.57388,-1.6437,-1.7423,-1.85992,-1.98694,-2.1162,-2.2428,-2.363,-2.4722,-2.5656,-2.6378
-3.089,-3.067,-3.025,-2.9694,-2.906,-2.8404,-2.778,-2.7256,-2.6916,-2.6884,-2.7294,-2.8204,-2.9536,-3.116,-3.2972,-3.4892,-3.6868,-3.8852,-4.0792,-4.2622,-4.4278,-4.5738,-4.703,-4.8208,-4.9314,-5.0364,-5.1372,-5.2338,-5.3262,-5.4142,-5.4976,-5.5756,-5.6476,-5.7128,-5.7706,-5.8214,-5.866,-5.9064,-5.9452,-5.9862,-6.032,-6.0818,-6.13,-6.1696,-6.196,-6.2058,-6.1984,-6.1756,-6.142,-6.1048,-6.0716,-6.0444,-6.0194,-5.9928,-5.9628,-5.9288,-5.8916,-5.8504,-5.8022,-5.7414,-5.6618,-5.5652,-5.4588,-5.3484,-5.2356,-5.1188,-4.9946,-4.859,-4.7088,-4.5422,-4.359,-4.1596,-3.9454,-3.7198,-3.4882,-3.2564,-3.0306,-2.8154,-2.6128,-2.4226,-2.2432,-2.0768,-1.927,-1.79526,-1.6815,-1.58516,-1.5072,-1.4521,-1.42968,-1.454,-1.5331,-1.6582,-1.81148,-1.97788,-2.1476,-2.3142,-2.4724,-2.6162,-2.7374,-2.826
-3.0588,-3.0258,-2.9702,-2.9008,-2.8242,-2.745,-2.668,-2.5992,-2.5474,-2.5268,-2.5598,-2.6594,-2.8082,-2.986,-3.1802,-3.3834,-3.5904,-3.7968,-3.9976,-4.1852,-4.349,-4.4838,-4.598,-4.7002,-4.7952,-4.885,-4.9708,-5.053,-5.1318,-5.2068,-5.2784,-5.3464,-5.4092,-5.4656,-5.5152,-5.558,-5.5948,-5.6268,-5.6568,-5.6896,-5.732,-5.7836,-5.8352,-5.8788,-5.9092,-5.9234,-5.9212,-5.9038,-5.876,-5.8476,-5.8314,-5.8294,-5.832,-5.8326,-5.829,-5.8208,-5.8078,-5.789,-5.76,-5.7104,-5.6258,-5.509,-5.3766,-5.238,-5.0972,-4.954,-4.8068,-4.6534,-4.4924,-4.324,-4.1506,-3.9718,-3.7864,-3.596,-3.4036,-3.2132,-3.0288,-2.8526,-2.6842,-2.5184,-2.3488,-2.1796,-2.0188,-1.87008,-1.73462,-1.61286,-1.50674,-1.4219,-1.37134,-1.38004,-1.46968,-1.62164,-1.80554,-2.0028,-2.2028,-2.3992,-2.5864,-2.758,-2.904,-3.007
-3.017,-2.9744,-2.9094,-2.833,-2.7502,-2.6654,-2.5822,-2.5058,-2.4438,-2.4092,-2.4308,-2.5426,-2.7024,-2.8874,-3.086,-3.292,-3.5006,-3.7078,-3.9094,-4.0982,-4.2596,-4.3808,-4.4816,-4.5712,-4.654,-4.7324,-4.807,-4.8786,-4.9472,-5.0126,-5.0758,-5.137,-5.1938,-5.245,-5.2898,-5.3284,-5.3612,-5.3892,-5.4146,-5.4418,-5.483,-5.5404,-5.5972,-5.6456,-5.6814,-5.7018,-5.706,-5.6954,-5.6738,-5.6504,-5.6472,-5.6662,-5.6876,-5.7056,-5.7178,-5.7238,-5.7236,-5.716,-5.6968,-5.6554,-5.5612,-5.4226,-5.2674,-5.106,-4.9428,-4.779,-4.6142,-4.4478,-4.2796,-4.1114,-3.9488,-3.7902,-3.6314,-3.473,-3.3166,-3.1642,-3.0178,-2.878,-2.743,-2.606,-2.449,-2.283,-2.1208,-1.96606,-1.82056,-1.68554,-1.56348,-1.46006,-1.38752,-1.37512,-1.4788,-1.6514,-1.85324,-2.067,-2.2832,-2.4952,-2.6978,-2.885,-3.0472,-3.1634
-2.9466,-2.904,-2.8404,-2.7662,-2.6864,-2.6052,-2.526,-2.4538,-2.3958,-2.3658,-2.3914,-2.4956,-2.6486,-2.8268,-3.0184,-3.217,-3.4176,-3.6164,-3.8088,-3.9876,-4.139,-4.2546,-4.3486,-4.431,-4.5066,-4.5774,-4.645,-4.7098,-4.772,-4.832,-4.8906,-4.9476,-5.0012,-5.05,-5.0936,-5.1318,-5.1652,-5.1944,-5.222,-5.2528,-5.297,-5.3556,-5.4154,-5.4684,-5.5102,-5.5382,-5.5512,-5.5506,-5.54,-5.5288,-5.5346,-5.559,-5.5862,-5.609,-5.6248,-5.633,-5.6328,-5.6222,-5.5968,-5.5442,-5.4412,-5.2934,-5.1252,-4.949,-4.7704,-4.5922,-4.4156,-4.2416,-4.0714,-3.9078,-3.7558,-3.614,-3.4788,-3.3492,-3.225,-3.1068,-2.9944,-2.8868,-2.78,-2.6658,-2.5306,-2.3814,-2.23,-2.0818,-1.93924,-1.80496,-1.6826,-1.57916,-1.50846,-1.50102,-1.59652,-1.76244,-1.96068,-2.1726,-2.3878,-2.599,-2.8006,-2.9856,-3.1436,-3.2532
-2.8572,-2.8198,-2.7656,-2.7022,-2.6342,-2.5654,-2.4998,-2.4422,-2.4006,-2.3876,-2.4214,-2.511,-2.6438,-2.803,-2.9768,-3.158,-3.3416,-3.523,-3.6976,-3.8582,-3.9964,-4.1084,-4.2006,-4.2802,-4.3524,-4.42,-4.4842,-4.5458,-4.6056,-4.6638,-4.7206,-4.7762,-4.8292,-4.8788,-4.9244,-4.9658,-5.0036,-5.039,-5.0746,-5.1146,-5.1642,-5.2232,-5.2846,-5.3418,-5.39,-5.4266,-5.4506,-5.4626,-5.4664,-5.4694,-5.4804,-5.5004,-5.5216,-5.538,-5.5466,-5.5456,-5.5336,-5.5082,-5.4634,-5.3896,-5.276,-5.1256,-4.9526,-4.7686,-4.5806,-4.3936,-4.2102,-4.033,-3.8648,-3.7086,-3.5672,-3.4406,-3.3264,-3.2226,-3.1278,-3.0404,-2.9588,-2.8796,-2.798,-2.706,-2.5976,-2.4748,-2.3454,-2.2148,-2.0874,-1.96688,-1.8586,-1.77114,-1.71936,-1.72558,-1.80558,-1.94624,-2.1224,-2.3154,-2.5136,-2.7088,-2.8936,-3.0608,-3.1988,-3.2926
-2.7638,-2.7326,-2.6912,-2.6438,-2.5938,-2.5448,-2.4998,-2.4636,-2.4426,-2.4466,-2.4852,-2.563,-2.6738,-2.8082,-2.9568,-3.1132,-3.2724,-3.4304,-3.5822,-3.7228,-3.847,-3.9528,-4.043,-4.122,-4.1938,-4.2608,-4.3246,-4.3864,-4.4464,-4.5052,-4.5632,-4.62,-4.6752,-4.7282,-4.7784,-4.826,-4.8714,-4.916,-4.9618,-5.0116,-5.068,-5.1302,-5.1946,-5.2566,-5.3118,-5.3582,-5.3938,-5.4192,-5.4364,-5.4494,-5.4622,-5.475,-5.4846,-5.4868,-5.4794,-5.4604,-5.4284,-5.3806,-5.312,-5.2168,-5.0902,-4.9346,-4.7582,-4.5698,-4.3768,-4.1848,-3.9982,-3.8206,-3.6558,-3.5074,-3.3772,-3.2658,-3.1712,-3.0914,-3.0238,-2.9654,-2.9126,-2.8612,-2.8056,-2.7398,-2.6604,-2.5678,-2.4666,-2.362,-2.2588,-2.1616,-2.0768,-2.0128,-1.98134,-1.996,-2.0636,-2.1778,-2.3236,-2.4866,-2.6558,-2.8228,-2.98,-3.1198,-3.2328,-3.3098
-2.6728,-2.649,-2.6218,-2.5932,-2.5654,-2.5402,-2.52,-2.5078,-2.5082,-2.5268,-2.5684,-2.6354,-2.725,-2.8322,-2.9516,-3.0784,-3.209,-3.3398,-3.467,-3.587,-3.6964,-3.7942,-3.8812,-3.9598,-4.0326,-4.1012,-4.1668,-4.2308,-4.2932,-4.355,-4.416,-4.4766,-4.536,-4.5944,-4.6514,-4.7072,-4.7622,-4.8174,-4.874,-4.9338,-4.9976,-5.0652,-5.1342,-5.2018,-5.2648,-5.3212,-5.3688,-5.4068,-5.4352,-5.455,-5.4668,-5.4708,-5.4652,-5.4486,-5.4196,-5.3772,-5.3202,-5.2466,-5.1532,-5.037,-4.8962,-4.7326,-4.5518,-4.36,-4.1638,-3.969,-3.7808,-3.6038,-3.443,-3.3018,-3.183,-3.0866,-3.0114,-2.9548,-2.9132,-2.8824,-2.8582,-2.8352,-2.8078,-2.771,-2.7222,-2.6616,-2.592,-2.5182,-2.4446,-2.3768,-2.32,-2.2812,-2.2684,-2.2886,-2.3452,-2.4342,-2.5474,-2.6748,-2.8078,-2.939,-3.062,-3.1698,-3.2558,-3.314
-2.5876,-2.572,-2.56,-2.5518,-2.5478,-2.5482,-2.554,-2.5664,-2.5872,-2.6184,-2.6616,-2.7178,-2.7864,-2.8658,-2.9542,-3.0496,-3.1494,-3.2514,-3.353,-3.4522,-3.5468,-3.6356,-3.719,-3.7972,-3.8714,-3.9426,-4.0116,-4.079,-4.1456,-4.2116,-4.2774,-4.343,-4.4086,-4.4738,-4.539,-4.6042,-4.6694,-4.7356,-4.803,-4.8724,-4.944,-5.0176,-5.0922,-5.1658,-5.237,-5.3032,-5.3626,-5.4124,-5.4508,-5.4752,-5.4846,-5.4778,-5.4552,-5.417,-5.3636,-5.2952,-5.2114,-5.1112,-4.9932,-4.8564,-4.7008,-4.5282,-4.342,-4.1466,-3.9476,-3.7504,-3.5606,-3.3842,-3.2264,-3.0918,-2.9836,-2.9022,-2.846,-2.812,-2.7958,-2.7926,-2.797,-2.8032,-2.8058,-2.7998,-2.7826,-2.7542,-2.7174,-2.6762,-2.6354,-2.5992,-2.5722,-2.5588,-2.5632,-2.588,-2.634,-2.6994,-2.7796,-2.8692,-2.9626,-3.0546,-3.14,-3.2138,-3.2714,-3.3096
-2.5112,-2.504,-2.5074,-2.5198,-2.5396,-2.5654,-2.5966,-2.6324,-2.6722,-2.7144,-2.758,-2.8026,-2.8496,-2.901,-2.958,-3.0212,-3.09,-3.1634,-3.24,-3.3188,-3.3988,-3.4788,-3.5582,-3.6362,-3.7122,-3.7866,-3.8596,-3.9316,-4.0028,-4.074,-4.1454,-4.217,-4.2894,-4.3624,-4.4362,-4.511,-4.5868,-4.6636,-4.7414,-4.82,-4.8992,-4.9784,-5.058,-5.1374,-5.216,-5.2918,-5.3624,-5.424,-5.4716,-5.5004,-5.5062,-5.488,-5.4472,-5.3864,-5.308,-5.2134,-5.103,-4.977,-4.8358,-4.6798,-4.51,-4.328,-4.136,-3.9368,-3.7344,-3.5342,-3.342,-3.1644,-3.0078,-2.8784,-2.7798,-2.7128,-2.6752,-2.6632,-2.672,-2.6958,-2.729,-2.7654,-2.7988,-2.824,-2.8382,-2.8416,-2.837,-2.8284,-2.8202,-2.8164,-2.8196,-2.8316,-2.8524,-2.8816,-2.9178,-2.9604,-3.0084,-3.0602,-3.1136,-3.1654,-3.2126,-3.2518,-3.281,-3.2982
-2.4468,-2.4476,-2.466,-2.4982,-2.5398,-2.5886,-2.6422,-2.699,-2.7556,-2.8078,-2.8506,-2.8822,-2.9066,-2.9294,-2.9556,-2.988,-3.0274,-3.0736,-3.1264,-3.186,-3.2524,-3.3246,-3.4008,-3.4788,-3.557,-3.6348,-3.7118,-3.7882,-3.8646,-3.941,-4.0182,-4.0962,-4.1754,-4.2562,-4.3386,-4.4226,-4.5084,-4.5954,-4.683,-4.7698,-4.855,-4.9386,-5.0216,-5.1054,-5.1898,-5.2742,-5.3554,-5.4286,-5.4866,-5.5204,-5.523,-5.4926,-5.4332,-5.3504,-5.2486,-5.13,-4.9958,-4.8468,-4.6842,-4.5106,-4.3282,-4.138,-3.9408,-3.7374,-3.531,-3.3264,-3.1298,-2.9486,-2.7906,-2.6638,-2.5732,-2.5198,-2.5002,-2.5096,-2.5422,-2.5922,-2.6536,-2.7198,-2.7842,-2.8404,-2.8848,-2.9178,-2.943,-2.9652,-2.9886,-3.0162,-3.0492,-3.0866,-3.1248,-3.1592,-3.1862,-3.2066,-3.2234,-3.239,-3.2538,-3.267,-3.2772,-3.283,-3.284,-3.2804
-2.3988,-2.4068,-2.4396,-2.4888,-2.5482,-2.6144,-2.6852,-2.7584,-2.8296,-2.8906,-2.9316,-2.9482,-2.948,-2.9426,-2.9402,-2.9448,-2.958,-2.9802,-3.0118,-3.0538,-3.108,-3.174,-3.2482,-3.3268,-3.4072,-3.488,-3.5686,-3.6494,-3.7304,-3.812,-3.8944,-3.9784,-4.0642,-4.152,-4.242,-4.3344,-4.4288,-4.5248,-4.6208,-4.7148,-4.8044,-4.8898,-4.9736,-5.059,-5.147,-5.2374,-5.3278,-5.4124,-5.4824,-5.524,-5.5242,-5.4812,-5.4038,-5.3016,-5.1806,-5.043,-4.89,-4.7224,-4.5422,-4.3534,-4.1606,-3.9646,-3.763,-3.5554,-3.344,-3.1334,-2.9302,-2.7424,-2.5794,-2.4518,-2.3674,-2.3266,-2.324,-2.3528,-2.407,-2.481,-2.5688,-2.6638,-2.7584,-2.8444,-2.9164,-2.9754,-3.027,-3.0772,-3.1298,-3.187,-3.2484,-3.3114,-3.3688,-3.4102,-3.4284,-3.427,-3.4144,-3.3966,-3.3768,-3.3552,-3.3318,-3.3064,-3.2806,-3.257
-2.3746,-2.3894,-2.4344,-2.4954,-2.565,-2.6404,-2.72,-2.802,-2.8822,-2.951,-2.99,-2.9878,-2.9618,-2.9308,-2.9042,-2.8864,-2.8788,-2.882,-2.8962,-2.9232,-2.9672,-3.0292,-3.103,-3.1824,-3.2644,-3.3474,-3.4308,-3.5148,-3.5996,-3.6856,-3.7728,-3.8618,-3.953,-4.0468,-4.1432,-4.242,-4.3434,-4.4462,-4.549,-4.6486,-4.7404,-4.8238,-4.9052,-4.989,-5.0772,-5.1702,-5.2662,-5.3602,-5.4428,-5.4962,-5.496,-5.4394,-5.347,-5.2318,-5.0992,-4.9512,-4.7872,-4.6078,-4.4146,-4.2136,-4.0138,-3.8148,-3.6102,-3.3978,-3.1798,-2.9614,-2.7496,-2.5528,-2.3814,-2.2486,-2.1682,-2.139,-2.1506,-2.1954,-2.2674,-2.3616,-2.472,-2.5926,-2.7156,-2.83,-2.9256,-3.006,-3.0806,-3.1554,-3.2342,-3.3176,-3.405,-3.4922,-3.5704,-3.6222,-3.6316,-3.6088,-3.5704,-3.5252,-3.4768,-3.4266,-3.3748,-3.3224,-3.272,-3.2296
-2.3892,-2.4106,-2.4606,-2.5228,-2.5914,-2.6642,-2.7406,-2.8196,-2.8982,-2.9682,-3.006,-2.9808,-2.9334,-2.8842,-2.8416,-2.8092,-2.7884,-2.7794,-2.7824,-2.7984,-2.834,-2.8952,-2.9684,-3.0476,-3.1298,-3.2136,-3.2986,-3.3846,-3.472,-3.561,-3.6518,-3.7446,-3.84,-3.9382,-4.039,-4.1424,-4.2478,-4.3544,-4.4604,-4.5632,-4.6544,-4.7326,-4.8088,-4.888,-4.9724,-5.0632,-5.159,-5.256,-5.346,-5.413,-5.4144,-5.3476,-5.25,-5.1332,-5.0008,-4.853,-4.689,-4.5078,-4.3102,-4.1012,-3.8982,-3.6986,-3.4898,-3.2704,-3.044,-2.8162,-2.5944,-2.3878,-2.2064,-2.0644,-1.98608,-1.96482,-1.98528,-2.0404,-2.1248,-2.2332,-2.3604,-2.5006,-2.6466,-2.7874,-2.9014,-3,-3.0954,-3.1926,-3.294,-3.3996,-3.5078,-3.614,-3.71,-3.7764,-3.7758,-3.7366,-3.681,-3.617,-3.5488,-3.4782,-3.406,-3.3336,-3.2634,-3.2036
-2.4798,-2.4888,-2.5256,-2.574,-2.6274,-2.6842,-2.7438,-2.8054,-2.8658,-2.9162,-2.9352,-2.9056,-2.8528,-2.7974,-2.7488,-2.711,-2.6856,-2.6726,-2.6724,-2.6866,-2.7204,-2.7768,-2.8464,-2.9232,-3.004,-3.087,-3.1718,-3.2584,-3.3468,-3.4374,-3.5304,-3.6258,-3.724,-3.8248,-3.9282,-4.0336,-4.14,-4.2464,-4.3506,-4.4492,-4.536,-4.6102,-4.6806,-4.7524,-4.829,-4.9116,-4.9998,-5.0902,-5.1744,-5.2352,-5.2406,-5.1882,-5.1042,-5.0014,-4.883,-4.7488,-4.597,-4.4262,-4.2368,-4.034,-3.8298,-3.6236,-3.4062,-3.177,-2.9394,-2.7002,-2.4678,-2.2522,-2.0646,-1.92008,-1.83664,-1.81158,-1.83212,-1.89038,-1.98036,-2.0966,-2.2334,-2.3848,-2.543,-2.6966,-2.8306,-2.9508,-3.0676,-3.1854,-3.306,-3.4286,-3.5508,-3.667,-3.7674,-3.8318,-3.837,-3.7994,-3.7398,-3.6682,-3.59,-3.508,-3.4244,-3.3412,-3.2622,-3.1952
-2.6208,-2.6126,-2.6242,-2.6456,-2.6714,-2.6994,-2.7294,-2.7604,-2.789,-2.8078,-2.804,-2.7724,-2.7236,-2.6722,-2.627,-2.5926,-2.5704,-2.5612,-2.565,-2.5832,-2.6186,-2.671,-2.7362,-2.809,-2.8864,-2.967,-3.05,-3.1356,-3.2236,-3.3144,-3.408,-3.5046,-3.6042,-3.7062,-3.8102,-3.9152,-4.02,-4.1226,-4.2208,-4.3112,-4.3904,-4.459,-4.5216,-4.5832,-4.6476,-4.7166,-4.7904,-4.8658,-4.935,-4.9838,-4.996,-4.9686,-4.913,-4.8382,-4.7472,-4.639,-4.5118,-4.3628,-4.1924,-4.0036,-3.8018,-3.5878,-3.3594,-3.117,-2.8658,-2.6134,-2.3692,-2.1446,-1.95166,-1.80406,-1.71244,-1.67724,-1.69114,-1.74632,-1.83594,-1.9537,-2.0934,-2.2484,-2.4106,-2.5708,-2.721,-2.862,-2.9988,-3.1348,-3.2712,-3.4062,-3.5366,-3.6554,-3.7526,-3.8132,-3.8272,-3.801,-3.7478,-3.6784,-3.5992,-3.5146,-3.4278,-3.342,-3.2614,-3.1918
-2.7862,-2.7608,-2.744,-2.7314,-2.7202,-2.7098,-2.7,-2.6914,-2.6816,-2.6668,-2.6412,-2.6036,-2.5592,-2.5162,-2.4808,-2.4564,-2.4442,-2.4442,-2.4568,-2.4822,-2.5208,-2.5722,-2.6336,-2.7022,-2.7754,-2.8524,-2.9324,-3.0154,-3.1016,-3.1914,-3.2844,-3.381,-3.4804,-3.5822,-3.6854,-3.7882,-3.8892,-3.9862,-4.0766,-4.1574,-4.2272,-4.2862,-4.3376,-4.3854,-4.4336,-4.4846,-4.5392,-4.5956,-4.6486,-4.69,-4.7112,-4.7094,-4.688,-4.6504,-4.597,-4.5258,-4.4328,-4.3148,-4.1698,-3.9984,-3.8026,-3.584,-3.3444,-3.0874,-2.8204,-2.5522,-2.2942,-2.0584,-1.85726,-1.70224,-1.60118,-1.55526,-1.56004,-1.6086,-1.6937,-1.80838,-1.94586,-2.0994,-2.2618,-2.426,-2.5868,-2.743,-2.896,-3.0468,-3.1952,-3.339,-3.4736,-3.5926,-3.6872,-3.7478,-3.7692,-3.7546,-3.712,-3.6506,-3.577,-3.4964,-3.4126,-3.3296,-3.2512,-3.1804
-2.9636,-2.9206,-2.874,-2.824,-2.7704,-2.715,-2.6594,-2.6058,-2.5548,-2.506,-2.4586,-2.413,-2.372,-2.339,-2.3168,-2.3068,-2.3088,-2.3222,-2.3464,-2.3808,-2.4246,-2.4768,-2.536,-2.6006,-2.6694,-2.742,-2.8178,-2.8974,-2.9808,-3.0682,-3.1598,-3.255,-3.3536,-3.454,-3.5548,-3.6546,-3.7508,-3.8412,-3.923,-3.9938,-4.0522,-4.0988,-4.1358,-4.167,-4.1956,-4.2254,-4.258,-4.2942,-4.3324,-4.3694,-4.4014,-4.4256,-4.4412,-4.4464,-4.438,-4.4112,-4.3602,-4.2796,-4.165,-4.0142,-3.827,-3.606,-3.3556,-3.083,-2.798,-2.512,-2.2376,-1.98752,-1.77448,-1.60898,-1.4976,-1.4416,-1.43732,-1.47822,-1.55676,-1.6655,-1.79748,-1.94626,-2.1058,-2.271,-2.4376,-2.6036,-2.7678,-2.9294,-3.0864,-3.2358,-3.3728,-3.4916,-3.5854,-3.6476,-3.6756,-3.6712,-3.6402,-3.5892,-3.525,-3.4526,-3.3762,-3.2994,-3.2252,-3.1558
-3.145,-3.0838,-3.0072,-2.9176,-2.819,-2.7154,-2.6108,-2.5098,-2.4162,-2.3332,-2.2638,-2.2096,-2.1714,-2.1492,-2.1422,-2.1488,-2.1676,-2.1966,-2.2344,-2.279,-2.3288,-2.383,-2.4408,-2.502,-2.5664,-2.634,-2.7054,-2.7808,-2.8606,-2.945,-3.034,-3.1274,-3.224,-3.3224,-3.4204,-3.5164,-3.6074,-3.691,-3.7642,-3.8248,-3.8712,-3.9036,-3.9244,-3.9364,-3.9438,-3.9504,-3.9598,-3.9752,-3.9994,-4.0336,-4.0774,-4.1288,-4.1832,-4.2344,-4.2754,-4.2982,-4.2942,-4.2558,-4.1754,-4.0476,-3.871,-3.6484,-3.387,-3.0976,-2.7932,-2.4872,-2.1938,-1.92678,-1.69922,-1.52154,-1.39996,-1.33536,-1.32368,-1.3578,-1.42954,-1.53104,-1.65542,-1.79692,-1.95088,-2.1136,-2.2818,-2.4526,-2.6236,-2.7916,-2.9538,-3.1062,-3.2442,-3.3628,-3.4566,-3.521,-3.5544,-3.5586,-3.538,-3.4982,-3.445,-3.3832,-3.3166,-3.2484,-3.1808,-3.1148
-3.323,-3.2442,-3.137,-3.0078,-2.8636,-2.7112,-2.5574,-2.4084,-2.2718,-2.1546,-2.0632,-2.0008,-1.96618,-1.95546,-1.96412,-1.9882,-2.0244,-2.0698,-2.1218,-2.1772,-2.2336,-2.2902,-2.3468,-2.4044,-2.4644,-2.5274,-2.5942,-2.6652,-2.741,-2.8218,-2.908,-2.999,-3.0932,-3.189,-3.2838,-3.3756,-3.4614,-3.5388,-3.6042,-3.655,-3.6894,-3.7072,-3.7108,-3.7032,-3.6888,-3.672,-3.6576,-3.652,-3.6614,-3.6926,-3.749,-3.8284,-3.923,-4.0222,-4.1144,-4.1888,-4.2346,-4.2412,-4.198,-4.0956,-3.9304,-3.7054,-3.4318,-3.1244,-2.7992,-2.4722,-2.1586,-1.8731,-1.62952,-1.43922,-1.3088,-1.23836,-1.22234,-1.25196,-1.31796,-1.412,-1.52736,-1.65924,-1.8045,-1.96112,-2.1268,-2.2986,-2.472,-2.6428,-2.8066,-2.9592,-3.0964,-3.214,-3.3074,-3.3732,-3.4108,-3.4216,-3.4096,-3.3802,-3.3384,-3.2882,-3.233,-3.1752,-3.116,-3.0556
-3.4904,-3.3944,-3.2572,-3.0894,-2.9016,-2.703,-2.5022,-2.3072,-2.128,-1.97638,-1.86346,-1.79426,-1.76482,-1.76636,-1.79048,-1.83094,-1.88334,-1.94408,-2.0096,-2.0756,-2.1386,-2.1968,-2.2516,-2.306,-2.362,-2.421,-2.4838,-2.5506,-2.6222,-2.6994,-2.7824,-2.8708,-2.9628,-3.0556,-3.147,-3.2342,-3.315,-3.3864,-3.4452,-3.4878,-3.5112,-3.5152,-3.5024,-3.4764,-3.4416,-3.4028,-3.3658,-3.3386,-3.3318,-3.358,-3.4264,-3.535,-3.671,-3.8176,-3.9598,-4.0844,-4.1794,-4.232,-4.2278,-4.153,-3.9988,-3.7696,-3.4816,-3.1554,-2.81,-2.4628,-2.1296,-1.82556,-1.56572,-1.36346,-1.2269,-1.155,-1.139,-1.16742,-1.2295,-1.31644,-1.4218,-1.5417,-1.67484,-1.82152,-1.98124,-2.1502,-2.3224,-2.4916,-2.653,-2.8022,-2.936,-3.0506,-3.1424,-3.2084,-3.2478,-3.2626,-3.2572,-3.237,-3.206,-3.1678,-3.1252,-3.0792,-3.03,-2.9772
-3.6374,-3.5254,-3.359,-3.1554,-2.9292,-2.691,-2.4494,-2.2132,-1.99394,-1.80778,-1.67352,-1.60034,-1.5786,-1.59232,-1.6295,-1.6828,-1.7477,-1.82066,-1.89776,-1.97366,-2.0422,-2.1008,-2.153,-2.2042,-2.2572,-2.3136,-2.3738,-2.4376,-2.5058,-2.5792,-2.6592,-2.7454,-2.8348,-2.9244,-3.0114,-3.0936,-3.169,-3.2352,-3.289,-3.3252,-3.3398,-3.3316,-3.3046,-3.2636,-3.2126,-3.1562,-3.0998,-3.052,-3.0268,-3.0444,-3.1236,-3.2628,-3.4396,-3.6302,-3.8166,-3.9852,-4.124,-4.2198,-4.2558,-4.2104,-4.0658,-3.8284,-3.5242,-3.1802,-2.818,-2.4548,-2.106,-1.78614,-1.51126,-1.29844,-1.15998,-1.0927,-1.08198,-1.11268,-1.17278,-1.2533,-1.34802,-1.45378,-1.571,-1.70342,-1.8537,-2.017,-2.1838,-2.3468,-2.5004,-2.6418,-2.768,-2.8766,-2.9644,-3.0282,-3.0666,-3.0826,-3.0816,-3.0688,-3.048,-3.022,-2.9924,-2.9594,-2.9222,-2.8784
-3.75,-3.6222,-3.4286,-3.1968,-2.9426,-2.6758,-2.4042,-2.1366,-1.88364,-1.66376,-1.5075,-1.43528,-1.42294,-1.44544,-1.48976,-1.54918,-1.61994,-1.6993,-1.78394,-1.86796,-1.94094,-1.9974,-2.0464,-2.0956,-2.148,-2.2044,-2.2646,-2.328,-2.394,-2.464,-2.541,-2.6256,-2.7126,-2.7976,-2.8788,-2.9546,-3.0238,-3.0846,-3.134,-3.1672,-3.1756,-3.1576,-3.1208,-3.0708,-3.011,-2.9446,-2.8762,-2.8134,-2.7704,-2.7732,-2.8612,-3.0332,-3.2464,-3.4712,-3.6896,-3.8898,-4.0608,-4.191,-4.2638,-4.2506,-4.1134,-3.8624,-3.5432,-3.1876,-2.8164,-2.4458,-2.0896,-1.76076,-1.47482,-1.2529,-1.1184,-1.0632,-1.06198,-1.09708,-1.15646,-1.23134,-1.31566,-1.4063,-1.50428,-1.61724,-1.75532,-1.90994,-2.0664,-2.2162,-2.3556,-2.4824,-2.5952,-2.693,-2.7738,-2.8332,-2.867,-2.8808,-2.8822,-2.876,-2.865,-2.851,-2.8346,-2.8154,-2.7914,-2.7588
-3.8008,-3.6574,-3.4486,-3.204,-2.9372,-2.6574,-2.3718,-2.0882,-1.81644,-1.57294,-1.39352,-1.32698,-1.31682,-1.3377,-1.37864,-1.43412,-1.50132,-1.5783,-1.66264,-1.74958,-1.82582,-1.87808,-1.92614,-1.97702,-2.0328,-2.0932,-2.1574,-2.2234,-2.2906,-2.359,-2.4336,-2.5166,-2.5992,-2.6778,-2.751,-2.8182,-2.879,-2.9324,-2.977,-3.0082,-3.014,-2.9908,-2.952,-2.902,-2.8432,-2.7782,-2.71,-2.6454,-2.5958,-2.585,-2.6796,-2.8782,-3.111,-3.3512,-3.583,-3.796,-3.981,-4.1274,-4.2212,-4.2362,-4.103,-3.8416,-3.5196,-3.1658,-2.799,-2.434,-2.0832,-1.7584,-1.4731,-1.24682,-1.12338,-1.08274,-1.08992,-1.12856,-1.18728,-1.25746,-1.33294,-1.41032,-1.48992,-1.57916,-1.70276,-1.8421,-1.979,-2.107,-2.2232,-2.3272,-2.4194,-2.4996,-2.5674,-2.6192,-2.6446,-2.6548,-2.6582,-2.6584,-2.657,-2.655,-2.6518,-2.6462,-2.6358,-2.6158
-3.732,-3.6036,-3.4072,-3.171,-2.911,-2.6362,-2.3548,-2.0742,-1.80554,-1.56662,-1.3905,-1.302,-1.2723,-1.27556,-1.29986,-1.33962,-1.3923,-1.45636,-1.52956,-1.60692,-1.6774,-1.73448,-1.78858,-1.8468,-1.91094,-1.98024,-2.0528,-2.1262,-2.199,-2.2712,-2.3456,-2.423,-2.4978,-2.5668,-2.629,-2.6848,-2.7344,-2.7782,-2.8144,-2.8394,-2.8446,-2.828,-2.7978,-2.7586,-2.7128,-2.6622,-2.6094,-2.5608,-2.529,-2.5398,-2.6382,-2.8226,-3.045,-3.2758,-3.499,-3.7034,-3.8798,-4.0178,-4.1022,-4.1046,-3.9812,-3.7436,-3.4424,-3.1088,-2.7626,-2.4182,-2.0882,-1.78444,-1.52068,-1.31762,-1.20162,-1.16224,-1.17112,-1.21036,-1.26778,-1.33434,-1.40364,-1.47214,-1.5405,-1.61676,-1.71382,-1.82234,-1.92748,-2.0228,-2.1064,-2.179,-2.2416,-2.2958,-2.3416,-2.376,-2.3946,-2.4036,-2.4102,-2.4172,-2.426,-2.4358,-2.4454,-2.4524,-2.4536,-2.4436
-3.5896,-3.4806,-3.3116,-3.1016,-2.865,-2.6122,-2.3512,-2.0908,-1.84224,-1.62222,-1.4518,-1.34198,-1.28216,-1.25574,-1.25188,-1.2651,-1.29306,-1.33452,-1.3876,-1.44832,-1.51078,-1.57218,-1.63602,-1.70614,-1.78334,-1.86612,-1.95166,-2.0368,-2.1192,-2.198,-2.2732,-2.3442,-2.409,-2.4656,-2.5142,-2.5556,-2.5916,-2.623,-2.6494,-2.6682,-2.676,-2.672,-2.6594,-2.6414,-2.6196,-2.5954,-2.5714,-2.5538,-2.5544,-2.594,-2.6934,-2.851,-3.0422,-3.243,-3.4368,-3.6124,-3.7602,-3.8692,-3.9242,-3.9034,-3.7872,-3.5824,-3.3172,-3.0188,-2.7072,-2.3974,-2.102,-1.83342,-1.60528,-1.43372,-1.331,-1.2922,-1.30024,-1.3387,-1.39492,-1.45932,-1.52492,-1.58782,-1.64804,-1.70992,-1.77758,-1.8472,-1.91096,-1.96428,-2.0064,-2.0386,-2.0636,-2.0842,-2.1012,-2.1142,-2.123,-2.1306,-2.1408,-2.1556,-2.1748,-2.1966,-2.2188,-2.238,-2.2502,-2.251
-3.4068,-3.3172,-3.1792,-3.004,-2.8026,-2.5842,-2.3566,-2.1276,-1.90762,-1.70868,-1.54338,-1.41798,-1.32902,-1.26834,-1.22918,-1.2079,-1.20324,-1.21492,-1.2424,-1.28396,-1.33708,-1.40026,-1.47388,-1.55826,-1.65208,-1.75226,-1.85472,-1.95512,-2.0498,-2.136,-2.2124,-2.278,-2.332,-2.3744,-2.4068,-2.4318,-2.452,-2.4698,-2.4864,-2.502,-2.5156,-2.5272,-2.538,-2.5486,-2.5598,-2.5714,-2.5852,-2.6056,-2.6408,-2.7026,-2.8006,-2.9326,-3.0856,-3.2436,-3.3936,-3.5256,-3.6304,-3.6986,-3.7184,-3.6764,-3.564,-3.3864,-3.16,-2.9042,-2.6366,-2.371,-2.1196,-1.89428,-1.7068,-1.56822,-1.48492,-1.45394,-1.46462,-1.50416,-1.5608,-1.62478,-1.6885,-1.7469,-1.79778,-1.8415,-1.87852,-1.9071,-1.92428,-1.9288,-1.9219,-1.90678,-1.88758,-1.86842,-1.8525,-1.84174,-1.83758,-1.84166,-1.85516,-1.87786,-1.9079,-1.94236,-1.97752,-2.0092,-2.0334,-2.0458
-3.1978,-3.129,-3.0234,-2.8872,-2.7278,-2.5516,-2.3652,-2.1746,-1.98696,-1.8099,-1.65064,-1.51332,-1.39802,-1.3025,-1.22474,-1.16416,-1.12168,-1.09886,-1.0973,-1.1178,-1.16026,-1.22376,-1.30682,-1.40678,-1.51964,-1.64024,-1.76272,-1.88112,-1.99,-2.085,-2.1632,-2.2234,-2.266,-2.293,-2.3076,-2.3142,-2.3172,-2.3206,-2.3282,-2.3422,-2.3642,-2.3944,-2.4326,-2.4774,-2.5274,-2.5808,-2.6372,-2.6978,-2.7656,-2.8454,-2.9396,-3.0466,-3.159,-3.2682,-3.3658,-3.4448,-3.4986,-3.5206,-3.5038,-3.4414,-3.3308,-3.1754,-2.9858,-2.7748,-2.5552,-2.339,-2.1366,-1.95812,-1.81298,-1.70878,-1.64918,-1.63212,-1.65054,-1.69468,-1.75438,-1.82012,-1.88358,-1.93796,-1.97842,-2.002,-2.0072,-1.9935,-1.96114,-1.91238,-1.85126,-1.78326,-1.7146,-1.65152,-1.59948,-1.56262,-1.54334,-1.54238,-1.55866,-1.58948,-1.63096,-1.67848,-1.72718,-1.77216,-1.80884,-1.83346
-2.9718,-2.9248,-2.8524,-2.7572,-2.6428,-2.5134,-2.3726,-2.2238,-2.0708,-1.91678,-1.76498,-1.61818,-1.47882,-1.34918,-1.23184,-1.12978,-1.04666,-0.9865,-0.95354,-0.95138,-0.98212,-1.04542,-1.13814,-1.2548,-1.38854,-1.53174,-1.67654,-1.8151,-1.94004,-2.045,-2.1256,-2.1804,-2.211,-2.2212,-2.2168,-2.2036,-2.1882,-2.1768,-2.1754,-2.189,-2.221,-2.272,-2.3404,-2.4228,-2.5154,-2.6138,-2.715,-2.8158,-2.9146,-3.0092,-3.0984,-3.1798,-3.2508,-3.3084,-3.3494,-3.3708,-3.37,-3.3438,-3.2904,-3.2078,-3.097,-2.9612,-2.806,-2.639,-2.4686,-2.303,-2.1508,-2.0198,-1.91708,-1.84788,-1.81446,-1.81536,-1.84562,-1.89786,-1.96342,-2.0332,-2.0982,-2.1498,-2.1802,-2.1834,-2.1564,-2.0992,-2.0154,-1.91048,-1.7918,-1.6673,-1.54558,-1.4353,-1.34452,-1.2797,-1.24424,-1.23786,-1.25716,-1.29664,-1.35006,-1.4111,-1.47372,-1.53226,-1.58174,-1.61826
-2.7348,-2.7104,-2.6714,-2.6176,-2.5494,-2.468,-2.3742,-2.269,-2.1524,-2.023,-1.88026,-1.72564,-1.5637,-1.40106,-1.24468,-1.1011,-0.97662,-0.87788,-0.81192,-0.7857,-0.8041,-0.86748,-0.97086,-1.10546,-1.26128,-1.42826,-1.5967,-1.75698,-1.8996,-2.0158,-2.0992,-2.1482,-2.1656,-2.1582,-2.1338,-2.1004,-2.066,-2.0392,-2.0282,-2.0414,-2.084,-2.1576,-2.2584,-2.3804,-2.5168,-2.661,-2.8068,-2.9476,-3.0762,-3.1848,-3.268,-3.323,-3.3516,-3.3566,-3.34,-3.3034,-3.2474,-3.1732,-3.0832,-2.9806,-2.869,-2.751,-2.6286,-2.504,-2.3812,-2.2652,-2.1618,-2.0768,-2.0152,-1.98044,-1.97394,-1.99462,-2.039,-2.1018,-2.1754,-2.2514,-2.3202,-2.3712,-2.3936,-2.3776,-2.3184,-2.2172,-2.0806,-1.91826,-1.74064,-1.55814,-1.38146,-1.22178,-1.09022,-0.99622,-0.94456,-0.93374,-0.95718,-1.00614,-1.07186,-1.14642,-1.22278,-1.29464,-1.35654,-1.40414
-2.4918,-2.49,-2.4844,-2.4714,-2.4482,-2.4134,-2.366,-2.3044,-2.2252,-2.1226,-1.99078,-1.82924,-1.6455,-1.45134,-1.25806,-1.07516,-0.911,-0.77418,-0.67448,-0.62284,-0.62852,-0.69326,-0.80902,-0.96258,-1.14056,-1.331,-1.52288,-1.70538,-1.86702,-1.99596,-2.0828,-2.1248,-2.128,-2.1024,-2.0582,-2.005,-1.9522,-1.90958,-1.88808,-1.89944,-1.95284,-2.05,-2.1842,-2.3458,-2.525,-2.7132,-2.902,-3.0814,-3.2398,-3.3628,-3.4392,-3.4666,-3.4522,-3.4052,-3.3334,-3.2412,-3.1328,-3.0124,-2.8864,-2.7638,-2.6514,-2.5512,-2.4606,-2.3764,-2.2984,-2.2286,-2.1706,-2.1284,-2.105,-2.1028,-2.1222,-2.1624,-2.2214,-2.2952,-2.3778,-2.4612,-2.5356,-2.589,-2.607,-2.575,-2.4846,-2.3386,-2.149,-1.93002,-1.69478,-1.45548,-1.22432,-1.01448,-0.84064,-0.7167,-0.6501,-0.6372,-0.66668,-0.72576,-0.8034,-0.89052,-0.9795,-1.06364,-1.1369,-1.19424
-2.2484,-2.2692,-2.2962,-2.3216,-2.3398,-2.3476,-2.343,-2.3226,-2.281,-2.2076,-2.0892,-1.92062,-1.7154,-1.49248,-1.26692,-1.0499,-0.8508,-0.67908,-0.5463,-0.46784,-0.46044,-0.52898,-0.65924,-0.83156,-1.0297,-1.24076,-1.45352,-1.65676,-1.8378,-1.98132,-2.0718,-2.1054,-2.0932,-2.0498,-1.98804,-1.91788,-1.84898,-1.79166,-1.75858,-1.76576,-1.82898,-1.95082,-2.1186,-2.3174,-2.535,-2.762,-2.9886,-3.204,-3.392,-3.5316,-3.6012,-3.5988,-3.5412,-3.446,-3.3242,-3.183,-3.0278,-2.8654,-2.7052,-2.5622,-2.4498,-2.3692,-2.3098,-2.263,-2.225,-2.196,-2.1782,-2.1738,-2.1848,-2.2118,-2.2544,-2.312,-2.384,-2.4678,-2.5586,-2.649,-2.7298,-2.788,-2.8064,-2.7632,-2.6428,-2.4518,-2.2108,-1.9389,-1.6511,-1.36012,-1.07838,-0.8201,-0.60312,-0.44858,-0.36978,-0.35864,-0.3958,-0.46438,-0.55192,-0.64906,-0.74814,-0.84242,-0.92534,-0.99062
-2.0126,-2.0556,-2.1134,-2.1722,-2.2252,-2.2684,-2.2994,-2.3144,-2.307,-2.2648,-2.1632,-1.98598,-1.76096,-1.51554,-1.26612,-1.02404,-0.79866,-0.59944,-0.43804,-0.332,-0.31034,-0.38698,-0.53228,-0.71964,-0.93232,-1.15786,-1.38552,-1.60458,-1.80262,-1.96236,-2.0578,-2.0798,-2.0526,-1.99546,-1.9212,-1.83964,-1.75994,-1.69208,-1.6486,-1.64832,-1.71956,-1.8676,-2.066,-2.2952,-2.5428,-2.7992,-3.0548,-3.2984,-3.5134,-3.6728,-3.736,-3.7006,-3.6036,-3.4684,-3.307,-3.1274,-2.9358,-2.7396,-2.5494,-2.385,-2.2748,-2.2164,-2.1858,-2.1704,-2.1656,-2.1704,-2.1856,-2.2128,-2.2528,-2.3048,-2.3662,-2.4376,-2.5198,-2.611,-2.707,-2.8016,-2.886,-2.9486,-2.9712,-2.9244,-2.7746,-2.539,-2.2526,-1.93696,-1.6066,-1.2738,-0.95046,-0.65024,-0.3918,-0.20502,-0.11905,-0.113446,-0.157068,-0.23136,-0.32424,-0.42674,-0.53162,-0.63238,-0.72242,-0.79362
-1.8,-1.86412,-1.9449,-2.0276,-2.1054,-2.1744,-2.2306,-2.2702,-2.2866,-2.2682,-2.1866,-2.0008,-1.7668,-1.51178,-1.2513,-0.9967,-0.75756,-0.5435,-0.36584,-0.24084,-0.20436,-0.29,-0.4417,-0.63408,-0.85156,-1.08218,-1.31544,-1.54092,-1.74682,-1.91732,-2.0182,-2.03,-1.99546,-1.93328,-1.85514,-1.77058,-1.6886,-1.61886,-1.57322,-1.5689,-1.64604,-1.81582,-2.0334,-2.2806,-2.5456,-2.8184,-3.0894,-3.347,-3.5754,-3.7496,-3.8066,-3.7446,-3.6228,-3.4628,-3.2768,-3.0734,-2.8598,-2.6436,-2.436,-2.2556,-2.1496,-2.1094,-2.0984,-2.1048,-2.1236,-2.1532,-2.1932,-2.244,-2.306,-2.3774,-2.4528,-2.534,-2.6228,-2.7178,-2.815,-2.9084,-2.9902,-3.0494,-3.0696,-3.0228,-2.8454,-2.5772,-2.261,-1.91676,-1.55858,-1.19842,-0.84798,-0.52042,-0.23302,-0.0153112,0.07277,0.078648,0.037242,-0.034596,-0.12549,-0.2268,-0.33144,-0.43308,-0.52536,-0.6
